{"type":"FeatureCollection","name":"longport_road_centerlines","metadata":{"source":"NJOGIS NG911 Road Centerlines (Tran_road)","url":"https://services2.arcgis.com/XVOqAjTOJ5P6ngMu/arcgis/rest/services/Tran_road/FeatureServer/0","query_url":"https://services2.arcgis.com/XVOqAjTOJ5P6ngMu/arcgis/rest/services/Tran_road/FeatureServer/0/query","retrieved_at_utc":"2026-09-04T20:05:31.080525+00:00","source_last_edit_date":1785341586960,"out_sr":4326,"query_envelope_wgs84":[-74.5429634,39.299546,-74.5157373,39.3245426],"spatial_relationship":"esriSpatialRelIntersects","boundary_file":"longport_boundary.geojson","boundary_sha256":"0fde7620a2e2d6f5b8f7f5804338f7d9b446bd33e4aa0d2109701360721a2a3d","fields":["OBJECTID","PRIMENAME","ELEVTYP_F","ELEVTYP_T"],"feature_count":349,"complete_objectid_inventory_verified":true,"municipal_clipping":"Envelope selection only; clip against the actual municipal boundary in the application."},"features":[{"type":"Feature","id":1436,"properties":{"OBJECTID":1436,"PRIMENAME":"Atlantic Avenue","ELEVTYP_F":0,"ELEVTYP_T":0},"geometry":{"type":"LineString","coordinates":[[-74.5209647747066,39.3155518235686],[-74.5205572627437,39.315795932871],[-74.5204628323815,39.3158532522534]]}},{"type":"Feature","id":1845,"properties":{"OBJECTID":1845,"PRIMENAME":"North 33rd Avenue","ELEVTYP_F":0,"ELEVTYP_T":0},"geometry":{"type":"LineString","coordinates":[[-74.5206075064061,39.3184985658533],[-74.5212985352185,39.3192202293674],[-74.5217677977216,39.3197132960788]]}},{"type":"Feature","id":1958,"properties":{"OBJECTID":1958,"PRIMENAME":"Atlantic Avenue","ELEVTYP_F":0,"ELEVTYP_T":0},"geometry":{"type":"LineString","coordinates":[[-74.5204628323815,39.3158532522534],[-74.5199592970803,39.3161590732149]]}},{"type":"Feature","id":2142,"properties":{"OBJECTID":2142,"PRIMENAME":"North 30th Avenue","ELEVTYP_F":0,"ELEVTYP_T":0},"geometry":{"type":"LineString","coordinates":[[-74.5236760882866,39.3167321984524],[-74.5242932293652,39.3173831309197],[-74.5248337869359,39.3179429732567]]}},{"type":"Feature","id":3224,"properties":{"OBJECTID":3224,"PRIMENAME":"South Coolidge Avenue","ELEVTYP_F":0,"ELEVTYP_T":0},"geometry":{"type":"LineString","coordinates":[[-74.5170051833831,39.3186942286236],[-74.516687672329,39.3183630931227],[-74.516551023379,39.3182205800914]]}},{"type":"Feature","id":4404,"properties":{"OBJECTID":4404,"PRIMENAME":"Atlantic Avenue","ELEVTYP_F":0,"ELEVTYP_T":0},"geometry":{"type":"LineString","coordinates":[[-74.5214775259731,39.3152446516075],[-74.5209647747066,39.3155518235686]]}},{"type":"Feature","id":4920,"properties":{"OBJECTID":4920,"PRIMENAME":"North 36th Avenue","ELEVTYP_F":0,"ELEVTYP_T":0},"geometry":{"type":"LineString","coordinates":[[-74.5219550489251,39.3230194851657],[-74.5210085273928,39.3220286853017]]}},{"type":"Feature","id":5754,"properties":{"OBJECTID":5754,"PRIMENAME":"North 27th Avenue","ELEVTYP_F":0,"ELEVTYP_T":0},"geometry":{"type":"LineString","coordinates":[[-74.526257690464,39.3142114273816],[-74.5261807905007,39.3141510935791],[-74.5259320603332,39.3139580177288],[-74.5257237406424,39.3137913452691]]}},{"type":"Feature","id":5789,"properties":{"OBJECTID":5789,"PRIMENAME":"South 17th Avenue","ELEVTYP_F":0,"ELEVTYP_T":0},"geometry":{"type":"LineString","coordinates":[[-74.5310777285937,39.3070316429957],[-74.5314287678782,39.3073110058855]]}},{"type":"Feature","id":6180,"properties":{"OBJECTID":6180,"PRIMENAME":"Sunset Boulevard","ELEVTYP_F":0,"ELEVTYP_T":0},"geometry":{"type":"LineString","coordinates":[[-74.5355911147341,39.3136249384221],[-74.5355886144113,39.3137116202908],[-74.5360893169744,39.3148007383036],[-74.5361664350631,39.3148546399597]]}},{"type":"Feature","id":6197,"properties":{"OBJECTID":6197,"PRIMENAME":"South 24th Avenue","ELEVTYP_F":0,"ELEVTYP_T":0},"geometry":{"type":"LineString","coordinates":[[-74.5275697648648,39.3123953130621],[-74.5269768098545,39.3119211879824]]}},{"type":"Feature","id":7118,"properties":{"OBJECTID":7118,"PRIMENAME":"Winchester Avenue","ELEVTYP_F":0,"ELEVTYP_T":0},"geometry":{"type":"LineString","coordinates":[[-74.5159086135399,39.3230852949184],[-74.5154590472162,39.3233434778531],[-74.5150400533335,39.3235851809822]]}},{"type":"Feature","id":9387,"properties":{"OBJECTID":9387,"PRIMENAME":"Atlantic Avenue","ELEVTYP_F":0,"ELEVTYP_T":0},"geometry":{"type":"LineString","coordinates":[[-74.5181552214295,39.317252840827],[-74.5176156158704,39.3175781508643]]}},{"type":"Feature","id":9875,"properties":{"OBJECTID":9875,"PRIMENAME":"North 34th Avenue","ELEVTYP_F":0,"ELEVTYP_T":0},"geometry":{"type":"LineString","coordinates":[[-74.5230586244951,39.3223855940128],[-74.5222114600488,39.3214982139534],[-74.5221107151614,39.3213926890635]]}},{"type":"Feature","id":10971,"properties":{"OBJECTID":10971,"PRIMENAME":"Atlantic Avenue","ELEVTYP_F":0,"ELEVTYP_T":0},"geometry":{"type":"LineString","coordinates":[[-74.5317533656028,39.3087423604644],[-74.531385423767,39.309019665252]]}},{"type":"Feature","id":12788,"properties":{"OBJECTID":12788,"PRIMENAME":"North Washington Avenue","ELEVTYP_F":0,"ELEVTYP_T":0},"geometry":{"type":"LineString","coordinates":[[-74.5150400533335,39.3235851809822],[-74.5154913029844,39.3240563094712],[-74.5162001566766,39.3248022447247]]}},{"type":"Feature","id":13075,"properties":{"OBJECTID":13075,"PRIMENAME":"North 31st Street","ELEVTYP_F":0,"ELEVTYP_T":0},"geometry":{"type":"LineString","coordinates":[[-74.5248888652022,39.3196554228122],[-74.5238148363091,39.3185336748019]]}},{"type":"Feature","id":16871,"properties":{"OBJECTID":16871,"PRIMENAME":"Atlantic Avenue","ELEVTYP_F":0,"ELEVTYP_T":0},"geometry":{"type":"LineString","coordinates":[[-74.5370091213671,39.3047790397123],[-74.5375441579027,39.3043921642183]]}},{"type":"Feature","id":18904,"properties":{"OBJECTID":18904,"PRIMENAME":"Atlantic Avenue","ELEVTYP_F":0,"ELEVTYP_T":0},"geometry":{"type":"LineString","coordinates":[[-74.5256180980618,39.3127399863574],[-74.5253811593653,39.3128831717809],[-74.5249284103775,39.3131548191005]]}},{"type":"Feature","id":18997,"properties":{"OBJECTID":18997,"PRIMENAME":"South 33rd Avenue","ELEVTYP_F":0,"ELEVTYP_T":0},"geometry":{"type":"LineString","coordinates":[[-74.5194513200088,39.3172881884755],[-74.519811795397,39.3176675551133],[-74.5206075064061,39.3184985658533]]}},{"type":"Feature","id":20357,"properties":{"OBJECTID":20357,"PRIMENAME":"South 35th Avenue","ELEVTYP_F":0,"ELEVTYP_T":0},"geometry":{"type":"LineString","coordinates":[[-74.5176156158704,39.3175781508643],[-74.5180902161896,39.3180733738757]]}},{"type":"Feature","id":20597,"properties":{"OBJECTID":20597,"PRIMENAME":"North 26th Avenue","ELEVTYP_F":0,"ELEVTYP_T":0},"geometry":{"type":"LineString","coordinates":[[-74.5271496199856,39.3139577401219],[-74.5268869209378,39.3137489079696]]}},{"type":"Feature","id":21741,"properties":{"OBJECTID":21741,"PRIMENAME":"Sunset Boulevard East","ELEVTYP_F":0,"ELEVTYP_T":0},"geometry":{"type":"LineString","coordinates":[[-74.5338392574999,39.3145437580278],[-74.5352859839387,39.3137827985796],[-74.5354809716626,39.3136827414321],[-74.5355911147341,39.3136249384221]]}},{"type":"Feature","id":22633,"properties":{"OBJECTID":22633,"PRIMENAME":"Atlantic Avenue","ELEVTYP_F":0,"ELEVTYP_T":0},"geometry":{"type":"LineString","coordinates":[[-74.5310049727643,39.3093066379688],[-74.5306859617891,39.3095483163587],[-74.5303320409879,39.3098197939011],[-74.5302509492062,39.3098722849182]]}},{"type":"Feature","id":23423,"properties":{"OBJECTID":23423,"PRIMENAME":"South 30th Avenue","ELEVTYP_F":0,"ELEVTYP_T":0},"geometry":{"type":"LineString","coordinates":[[-74.5225219278249,39.3155200392504],[-74.5228151925236,39.315824123043],[-74.5230793249634,39.3161027313643]]}},{"type":"Feature","id":31211,"properties":{"OBJECTID":31211,"PRIMENAME":"Atlantic Avenue","ELEVTYP_F":0,"ELEVTYP_T":0},"geometry":{"type":"LineString","coordinates":[[-74.532482400039,39.3081493357025],[-74.5324320034916,39.3082313088538],[-74.5322809993844,39.3083450223108],[-74.532123104787,39.3084639000577]]}},{"type":"Feature","id":35312,"properties":{"OBJECTID":35312,"PRIMENAME":"JFK Memorial Bridge","ELEVTYP_F":0,"ELEVTYP_T":0},"geometry":{"type":"LineString","coordinates":[[-74.5278992542206,39.3150024724864],[-74.5269763724849,39.3146473610629],[-74.52666959331,39.3145306030269]]}},{"type":"Feature","id":37874,"properties":{"OBJECTID":37874,"PRIMENAME":"North Adams Avenue","ELEVTYP_F":0,"ELEVTYP_T":0},"geometry":{"type":"LineString","coordinates":[[-74.5170701379206,39.3242993844172],[-74.5170031546839,39.3242295900471],[-74.516791042173,39.3240085742816],[-74.5159086135399,39.3230852949184]]}},{"type":"Feature","id":40331,"properties":{"OBJECTID":40331,"PRIMENAME":"Unnamed Segment","ELEVTYP_F":0,"ELEVTYP_T":0},"geometry":{"type":"LineString","coordinates":[[-74.5333174368371,39.3070810225347],[-74.532540639308,39.306459368891]]}},{"type":"Feature","id":47418,"properties":{"OBJECTID":47418,"PRIMENAME":"Beach Terrace","ELEVTYP_F":0,"ELEVTYP_T":0},"geometry":{"type":"LineString","coordinates":[[-74.5283878742164,39.3095374770879],[-74.528753817639,39.3092659484237]]}},{"type":"Feature","id":51680,"properties":{"OBJECTID":51680,"PRIMENAME":"Atlantic Avenue","ELEVTYP_F":0,"ELEVTYP_T":0},"geometry":{"type":"LineString","coordinates":[[-74.5329013371657,39.30758124253],[-74.5328565831895,39.3076370752475],[-74.5326537224135,39.30787919288],[-74.5325357986321,39.3080625837518],[-74.532482400039,39.3081493357025]]}},{"type":"Feature","id":56296,"properties":{"OBJECTID":56296,"PRIMENAME":"South 30th Avenue","ELEVTYP_F":0,"ELEVTYP_T":0},"geometry":{"type":"LineString","coordinates":[[-74.5214226167363,39.3143801794432],[-74.5219711536096,39.3149489573882]]}},{"type":"Feature","id":58054,"properties":{"OBJECTID":58054,"PRIMENAME":"Atlantic Avenue","ELEVTYP_F":0,"ELEVTYP_T":0},"geometry":{"type":"LineString","coordinates":[[-74.5298341449328,39.3101361446304],[-74.5295297329332,39.3103187557844],[-74.5294290280694,39.3103797639227]]}},{"type":"Feature","id":60342,"properties":{"OBJECTID":60342,"PRIMENAME":"Beach Terrace","ELEVTYP_F":0,"ELEVTYP_T":0},"geometry":{"type":"LineString","coordinates":[[-74.5261789104563,39.3112877182109],[-74.5259567418793,39.3111172603668]]}},{"type":"Feature","id":62802,"properties":{"OBJECTID":62802,"PRIMENAME":"South Manor Avenue","ELEVTYP_F":0,"ELEVTYP_T":0},"geometry":{"type":"LineString","coordinates":[[-74.5224805037504,39.3146407105492],[-74.5223280108847,39.3145026041533],[-74.5219163059198,39.3140737503674]]}},{"type":"Feature","id":62946,"properties":{"OBJECTID":62946,"PRIMENAME":"South Manor Avenue","ELEVTYP_F":0,"ELEVTYP_T":0},"geometry":{"type":"LineString","coordinates":[[-74.5236614444588,39.3158633269899],[-74.5230453130448,39.3152162354867]]}},{"type":"Feature","id":63332,"properties":{"OBJECTID":63332,"PRIMENAME":"Atlantic Avenue","ELEVTYP_F":0,"ELEVTYP_T":0},"geometry":{"type":"LineString","coordinates":[[-74.5366351133318,39.3050684720011],[-74.5362594751661,39.3053528797193]]}},{"type":"Feature","id":63838,"properties":{"OBJECTID":63838,"PRIMENAME":"North 32nd Avenue","ELEVTYP_F":0,"ELEVTYP_T":0},"geometry":{"type":"LineString","coordinates":[[-74.5216302308991,39.3179091266931],[-74.5219582252047,39.3182521942856],[-74.5227874560526,39.3191248635685]]}},{"type":"Feature","id":64852,"properties":{"OBJECTID":64852,"PRIMENAME":"South Pelham Avenue","ELEVTYP_F":0,"ELEVTYP_T":0},"geometry":{"type":"LineString","coordinates":[[-74.5229505142343,39.3143538311982],[-74.5230859940759,39.3144544896008],[-74.5234874204951,39.3148780417909],[-74.5235382310898,39.3149308040727]]}},{"type":"Feature","id":67003,"properties":{"OBJECTID":67003,"PRIMENAME":"Beach Terrace","ELEVTYP_F":0,"ELEVTYP_T":0},"geometry":{"type":"LineString","coordinates":[[-74.530668620267,39.3078770420336],[-74.5310461671324,39.307589852222]]}},{"type":"Feature","id":69844,"properties":{"OBJECTID":69844,"PRIMENAME":"Winchester Avenue","ELEVTYP_F":0,"ELEVTYP_T":0},"geometry":{"type":"LineString","coordinates":[[-74.5198497306096,39.3208153476082],[-74.5196143059087,39.3209505035804],[-74.5195674315539,39.3209778305098]]}},{"type":"Feature","id":70053,"properties":{"OBJECTID":70053,"PRIMENAME":"Atlantic Avenue","ELEVTYP_F":0,"ELEVTYP_T":0},"geometry":{"type":"LineString","coordinates":[[-74.532123104787,39.3084639000577],[-74.5318326833171,39.3086825371211],[-74.5317533656028,39.3087423604644]]}},{"type":"Feature","id":70773,"properties":{"OBJECTID":70773,"PRIMENAME":"North 30th Avenue","ELEVTYP_F":0,"ELEVTYP_T":0},"geometry":{"type":"LineString","coordinates":[[-74.5253263670588,39.3184531263512],[-74.5254758029417,39.318608960157],[-74.5255511261534,39.3186875047224]]}},{"type":"Feature","id":71629,"properties":{"OBJECTID":71629,"PRIMENAME":"Monmouth Avenue","ELEVTYP_F":0,"ELEVTYP_T":0},"geometry":{"type":"LineString","coordinates":[[-74.5196238097326,39.3228291313531],[-74.520267540019,39.3224630476255],[-74.5204783681053,39.322338576568]]}},{"type":"Feature","id":72582,"properties":{"OBJECTID":72582,"PRIMENAME":"South 15th Avenue","ELEVTYP_F":0,"ELEVTYP_T":0},"geometry":{"type":"LineString","coordinates":[[-74.5329201510532,39.3061740118553],[-74.5335974233719,39.3067201852021],[-74.5336293967762,39.3067702569445],[-74.5336559313741,39.3068285682303],[-74.5336681555025,39.3068924020598]]}},{"type":"Feature","id":73565,"properties":{"OBJECTID":73565,"PRIMENAME":"Beach Terrace","ELEVTYP_F":0,"ELEVTYP_T":0},"geometry":{"type":"LineString","coordinates":[[-74.5299186746533,39.3084452676378],[-74.53008932643,39.3083146933658],[-74.5302952391611,39.3081595074365]]}},{"type":"Feature","id":73746,"properties":{"OBJECTID":73746,"PRIMENAME":"Winchester Avenue","ELEVTYP_F":0,"ELEVTYP_T":0},"geometry":{"type":"LineString","coordinates":[[-74.5217677977216,39.3197132960788],[-74.5214359318107,39.3199048693375],[-74.5212895414488,39.319988887381]]}},{"type":"Feature","id":75271,"properties":{"OBJECTID":75271,"PRIMENAME":"South Coolidge Avenue","ELEVTYP_F":0,"ELEVTYP_T":0},"geometry":{"type":"LineString","coordinates":[[-74.516551023379,39.3182205800914],[-74.5163281355531,39.3179881334258],[-74.5161680059224,39.317823551427]]}},{"type":"Feature","id":75494,"properties":{"OBJECTID":75494,"PRIMENAME":"Atlantic Avenue","ELEVTYP_F":0,"ELEVTYP_T":0},"geometry":{"type":"LineString","coordinates":[[-74.516551023379,39.3182205800914],[-74.5160216885148,39.3185409663735],[-74.5157156494582,39.3187256015386]]}},{"type":"Feature","id":75809,"properties":{"OBJECTID":75809,"PRIMENAME":"Seaview Drive","ELEVTYP_F":0,"ELEVTYP_T":0},"geometry":{"type":"LineString","coordinates":[[-74.5361664350631,39.3148546399597],[-74.5369094699948,39.3146512509496],[-74.5373614631227,39.3145275246121]]}},{"type":"Feature","id":76499,"properties":{"OBJECTID":76499,"PRIMENAME":"North Yarmouth Avenue","ELEVTYP_F":0,"ELEVTYP_T":0},"geometry":{"type":"LineString","coordinates":[[-74.5234322546661,39.32062764515],[-74.5226503114762,39.3198078818222],[-74.5222795555666,39.319417982033]]}},{"type":"Feature","id":76616,"properties":{"OBJECTID":76616,"PRIMENAME":"Sunset Avenue","ELEVTYP_F":0,"ELEVTYP_T":0},"geometry":{"type":"LineString","coordinates":[[-74.5251173934891,39.3190596136472],[-74.5252383718642,39.3187093736053],[-74.5252867706916,39.3185684358232],[-74.5253263670588,39.3184531263512]]}},{"type":"Feature","id":77862,"properties":{"OBJECTID":77862,"PRIMENAME":"Pacific Avenue","ELEVTYP_F":0,"ELEVTYP_T":0},"geometry":{"type":"LineString","coordinates":[[-74.5186394047947,39.3177567088689],[-74.5180902161896,39.3180733738757]]}},{"type":"Feature","id":77952,"properties":{"OBJECTID":77952,"PRIMENAME":"Colgate Avenue South","ELEVTYP_F":0,"ELEVTYP_T":0},"geometry":{"type":"LineString","coordinates":[[-74.5189723292033,39.3175647316662],[-74.5199301481171,39.3185684790387],[-74.5201251878229,39.3187739882991]]}},{"type":"Feature","id":78132,"properties":{"OBJECTID":78132,"PRIMENAME":"Sunset Avenue","ELEVTYP_F":0,"ELEVTYP_T":0},"geometry":{"type":"LineString","coordinates":[[-74.5261536764067,39.3160403032153],[-74.5264104725478,39.3152880066337]]}},{"type":"Feature","id":78231,"properties":{"OBJECTID":78231,"PRIMENAME":"South 13th Avenue","ELEVTYP_F":0,"ELEVTYP_T":0},"geometry":{"type":"LineString","coordinates":[[-74.5339727657398,39.3046882314579],[-74.5342937186328,39.3049444759989]]}},{"type":"Feature","id":78263,"properties":{"OBJECTID":78263,"PRIMENAME":"Amherst Avenue","ELEVTYP_F":0,"ELEVTYP_T":0},"geometry":{"type":"LineString","coordinates":[[-74.5205676710096,39.3238152756862],[-74.5207623144151,39.3237035733571],[-74.5214205371193,39.3233256196861]]}},{"type":"Feature","id":79195,"properties":{"OBJECTID":79195,"PRIMENAME":"Beach Terrace","ELEVTYP_F":0,"ELEVTYP_T":0},"geometry":{"type":"LineString","coordinates":[[-74.5291534423472,39.3089974567319],[-74.5292375113994,39.308966573636],[-74.5295466671579,39.3087299543787]]}},{"type":"Feature","id":82132,"properties":{"OBJECTID":82132,"PRIMENAME":"South 17th Avenue","ELEVTYP_F":0,"ELEVTYP_T":0},"geometry":{"type":"LineString","coordinates":[[-74.5322488033367,39.307963461954],[-74.532482400039,39.3081493357025]]}},{"type":"Feature","id":82789,"properties":{"OBJECTID":82789,"PRIMENAME":"North Adams Avenue","ELEVTYP_F":0,"ELEVTYP_T":0},"geometry":{"type":"LineString","coordinates":[[-74.5176545389309,39.3249083185865],[-74.5170701379206,39.3242993844172]]}},{"type":"Feature","id":83274,"properties":{"OBJECTID":83274,"PRIMENAME":"Winchester Avenue","ELEVTYP_F":0,"ELEVTYP_T":0},"geometry":{"type":"LineString","coordinates":[[-74.5195674315539,39.3209778305098],[-74.5193160401852,39.3211243829766]]}},{"type":"Feature","id":83566,"properties":{"OBJECTID":83566,"PRIMENAME":"Atlantic Avenue","ELEVTYP_F":0,"ELEVTYP_T":0},"geometry":{"type":"LineString","coordinates":[[-74.5351493563254,39.3061918115843],[-74.5348291366113,39.306433638742],[-74.5347652618601,39.3064818723166]]}},{"type":"Feature","id":88137,"properties":{"OBJECTID":88137,"PRIMENAME":"Winchester Avenue","ELEVTYP_F":0,"ELEVTYP_T":0},"geometry":{"type":"LineString","coordinates":[[-74.5253649576414,39.3176437156593],[-74.5252295660767,39.3177149410978],[-74.524921184105,39.3178922413263],[-74.5248337869359,39.3179429732567]]}},{"type":"Feature","id":88419,"properties":{"OBJECTID":88419,"PRIMENAME":"Beach Terrace","ELEVTYP_F":0,"ELEVTYP_T":0},"geometry":{"type":"LineString","coordinates":[[-74.5332273647057,39.3058450719287],[-74.5334478526081,39.3056007240296],[-74.5335052157418,39.3055355522587],[-74.5335404048495,39.3055100075344]]}},{"type":"Feature","id":90211,"properties":{"OBJECTID":90211,"PRIMENAME":"South 23rd Avenue","ELEVTYP_F":0,"ELEVTYP_T":0},"geometry":{"type":"LineString","coordinates":[[-74.5277941408213,39.3114247382063],[-74.5269259435972,39.3107107589947]]}},{"type":"Feature","id":90328,"properties":{"OBJECTID":90328,"PRIMENAME":"North 33rd Avenue","ELEVTYP_F":0,"ELEVTYP_T":0},"geometry":{"type":"LineString","coordinates":[[-74.5229230040604,39.3209239798284],[-74.5236548498317,39.3216800510791]]}},{"type":"Feature","id":90554,"properties":{"OBJECTID":90554,"PRIMENAME":"South 35th Avenue","ELEVTYP_F":0,"ELEVTYP_T":0},"geometry":{"type":"LineString","coordinates":[[-74.5180902161896,39.3180733738757],[-74.5187687686738,39.3187814079371],[-74.519258661367,39.3192983972384]]}},{"type":"Feature","id":90644,"properties":{"OBJECTID":90644,"PRIMENAME":"North Evergreen Avenue","ELEVTYP_F":0,"ELEVTYP_T":0},"geometry":{"type":"LineString","coordinates":[[-74.5243235016634,39.3182391216422],[-74.5245046558462,39.3184296071687],[-74.5251173934891,39.3190596136472]]}},{"type":"Feature","id":93462,"properties":{"OBJECTID":93462,"PRIMENAME":"South 36th Avenue","ELEVTYP_F":0,"ELEVTYP_T":0},"geometry":{"type":"LineString","coordinates":[[-74.5187177392427,39.3196276661697],[-74.5180559019509,39.3189318479924],[-74.5175396450984,39.3183908607298]]}},{"type":"Feature","id":93941,"properties":{"OBJECTID":93941,"PRIMENAME":"Sunset Avenue","ELEVTYP_F":0,"ELEVTYP_T":0},"geometry":{"type":"LineString","coordinates":[[-74.5264104725478,39.3152880066337],[-74.5265299177734,39.3149380130959],[-74.52666959331,39.3145306030269]]}},{"type":"Feature","id":94336,"properties":{"OBJECTID":94336,"PRIMENAME":"South 18th Avenue","ELEVTYP_F":0,"ELEVTYP_T":0},"geometry":{"type":"LineString","coordinates":[[-74.5303186050909,39.3075977865121],[-74.530668620267,39.3078770420336]]}},{"type":"Feature","id":96125,"properties":{"OBJECTID":96125,"PRIMENAME":"Monmouth Avenue","ELEVTYP_F":0,"ELEVTYP_T":0},"geometry":{"type":"LineString","coordinates":[[-74.5187801965304,39.3233129786947],[-74.5192218681369,39.3230576677478],[-74.5196238097326,39.3228291313531]]}},{"type":"Feature","id":97749,"properties":{"OBJECTID":97749,"PRIMENAME":"Beach Terrace","ELEVTYP_F":0,"ELEVTYP_T":0},"geometry":{"type":"LineString","coordinates":[[-74.5295466671579,39.3087299543787],[-74.5299186746533,39.3084452676378]]}},{"type":"Feature","id":97926,"properties":{"OBJECTID":97926,"PRIMENAME":"Pacific Avenue","ELEVTYP_F":0,"ELEVTYP_T":0},"geometry":{"type":"LineString","coordinates":[[-74.5180902161896,39.3180733738757],[-74.5175396450984,39.3183908607298]]}},{"type":"Feature","id":99678,"properties":{"OBJECTID":99678,"PRIMENAME":"North Overbrook Avenue","ELEVTYP_F":0,"ELEVTYP_T":0},"geometry":{"type":"LineString","coordinates":[[-74.5259454232471,39.3166432491753],[-74.5251958502097,39.3158565803527]]}},{"type":"Feature","id":100338,"properties":{"OBJECTID":100338,"PRIMENAME":"South 23rd Avenue","ELEVTYP_F":0,"ELEVTYP_T":0},"geometry":{"type":"LineString","coordinates":[[-74.5269259435972,39.3107107589947],[-74.5266331227292,39.3104699153624],[-74.5265009031825,39.3103611646301]]}},{"type":"Feature","id":101537,"properties":{"OBJECTID":101537,"PRIMENAME":"South 28th Avenue","ELEVTYP_F":0,"ELEVTYP_T":0},"geometry":{"type":"LineString","coordinates":[[-74.5242434870502,39.3135680531918],[-74.5249675007315,39.3141447157131],[-74.5251424434697,39.3142842695327]]}},{"type":"Feature","id":101541,"properties":{"OBJECTID":101541,"PRIMENAME":"Unnamed Segment","ELEVTYP_F":0,"ELEVTYP_T":0},"geometry":{"type":"LineString","coordinates":[[-74.5298341449328,39.3101361446304],[-74.5292510188291,39.309659419662],[-74.528753817639,39.3092659484237]]}},{"type":"Feature","id":101655,"properties":{"OBJECTID":101655,"PRIMENAME":"Atlantic Avenue","ELEVTYP_F":0,"ELEVTYP_T":0},"geometry":{"type":"LineString","coordinates":[[-74.5294290280694,39.3103797639227],[-74.5290130268394,39.3106317855313]]}},{"type":"Feature","id":105879,"properties":{"OBJECTID":105879,"PRIMENAME":"North Coolidge Avenue","ELEVTYP_F":0,"ELEVTYP_T":0},"geometry":{"type":"LineString","coordinates":[[-74.5214205371193,39.3233256196861],[-74.5205532976595,39.3224168973806],[-74.5204783681053,39.322338576568]]}},{"type":"Feature","id":107421,"properties":{"OBJECTID":107421,"PRIMENAME":"South 25th Avenue","ELEVTYP_F":0,"ELEVTYP_T":0},"geometry":{"type":"LineString","coordinates":[[-74.5263070337536,39.3123237227752],[-74.526969568094,39.3128514310445]]}},{"type":"Feature","id":110418,"properties":{"OBJECTID":110418,"PRIMENAME":"Atlantic Avenue","ELEVTYP_F":0,"ELEVTYP_T":0},"geometry":{"type":"LineString","coordinates":[[-74.5280022835117,39.3112981171936],[-74.5279911752548,39.3113056371852],[-74.5277941408213,39.3114247382063]]}},{"type":"Feature","id":110671,"properties":{"OBJECTID":110671,"PRIMENAME":"Atlantic Avenue","ELEVTYP_F":0,"ELEVTYP_T":0},"geometry":{"type":"LineString","coordinates":[[-74.5242434870502,39.3135680531918],[-74.5235651639408,39.3139797450952]]}},{"type":"Feature","id":111443,"properties":{"OBJECTID":111443,"PRIMENAME":"South 18th Avenue","ELEVTYP_F":0,"ELEVTYP_T":0},"geometry":{"type":"LineString","coordinates":[[-74.530668620267,39.3078770420336],[-74.5317533656028,39.3087423604644]]}},{"type":"Feature","id":111646,"properties":{"OBJECTID":111646,"PRIMENAME":"South 36th Avenue","ELEVTYP_F":0,"ELEVTYP_T":0},"geometry":{"type":"LineString","coordinates":[[-74.5175396450984,39.3183908607298],[-74.5170750521684,39.3179040080211]]}},{"type":"Feature","id":112620,"properties":{"OBJECTID":112620,"PRIMENAME":"Amherst Avenue","ELEVTYP_F":0,"ELEVTYP_T":0},"geometry":{"type":"LineString","coordinates":[[-74.5219550489251,39.3230194851657],[-74.5222312285208,39.3228618575993],[-74.5225007249979,39.3227067295279]]}},{"type":"Feature","id":113118,"properties":{"OBJECTID":113118,"PRIMENAME":"Monmouth Avenue","ELEVTYP_F":0,"ELEVTYP_T":0},"geometry":{"type":"LineString","coordinates":[[-74.5179188281595,39.3238070099387],[-74.51864676753,39.3233900721113],[-74.5187801965304,39.3233129786947]]}},{"type":"Feature","id":113947,"properties":{"OBJECTID":113947,"PRIMENAME":"South Evergreen Avenue","ELEVTYP_F":0,"ELEVTYP_T":0},"geometry":{"type":"LineString","coordinates":[[-74.5214775259731,39.3152446516075],[-74.5209332319033,39.3146767759234]]}},{"type":"Feature","id":116301,"properties":{"OBJECTID":116301,"PRIMENAME":"South Monroe Avenue","ELEVTYP_F":0,"ELEVTYP_T":0},"geometry":{"type":"LineString","coordinates":[[-74.5161520598781,39.3191844841718],[-74.5166770101796,39.3197364319928],[-74.517341634368,39.3204334654924]]}},{"type":"Feature","id":118036,"properties":{"OBJECTID":118036,"PRIMENAME":"Atlantic Avenue","ELEVTYP_F":0,"ELEVTYP_T":0},"geometry":{"type":"LineString","coordinates":[[-74.5302509492062,39.3098722849182],[-74.5299639298729,39.3100582707599],[-74.5298341449328,39.3101361446304]]}},{"type":"Feature","id":118066,"properties":{"OBJECTID":118066,"PRIMENAME":"South 34th Avenue","ELEVTYP_F":0,"ELEVTYP_T":0},"geometry":{"type":"LineString","coordinates":[[-74.5186394047947,39.3177567088689],[-74.5181552214295,39.317252840827]]}},{"type":"Feature","id":121893,"properties":{"OBJECTID":121893,"PRIMENAME":"Seaview Drive","ELEVTYP_F":0,"ELEVTYP_T":0},"geometry":{"type":"LineString","coordinates":[[-74.5385041710699,39.314336271882],[-74.537121669589,39.3147206238319],[-74.5369615090938,39.31476532828],[-74.5363165981547,39.3149453387798],[-74.5356378775116,39.3151322040659],[-74.53501079755,39.3153048475944],[-74.534178782608,39.3155385063518],[-74.533621364496,39.31568611254]]}},{"type":"Feature","id":121901,"properties":{"OBJECTID":121901,"PRIMENAME":"Monmouth Avenue","ELEVTYP_F":0,"ELEVTYP_T":0},"geometry":{"type":"LineString","coordinates":[[-74.5234322546661,39.32062764515],[-74.5239469821119,39.3203386388428]]}},{"type":"Feature","id":123604,"properties":{"OBJECTID":123604,"PRIMENAME":"South 24th Avenue","ELEVTYP_F":0,"ELEVTYP_T":0},"geometry":{"type":"LineString","coordinates":[[-74.5269768098545,39.3119211879824],[-74.5263169351284,39.3113936159917],[-74.5261789104563,39.3112877182109]]}},{"type":"Feature","id":123768,"properties":{"OBJECTID":123768,"PRIMENAME":"South 32nd Avenue","ELEVTYP_F":0,"ELEVTYP_T":0},"geometry":{"type":"LineString","coordinates":[[-74.5204731526692,39.3166979361612],[-74.5207812294511,39.3170210224293],[-74.5216302308991,39.3179091266931]]}},{"type":"Feature","id":125152,"properties":{"OBJECTID":125152,"PRIMENAME":"North Monroe Avenue","ELEVTYP_F":0,"ELEVTYP_T":0},"geometry":{"type":"LineString","coordinates":[[-74.5196238097326,39.3228291313531],[-74.5205676710096,39.3238152756862]]}},{"type":"Feature","id":125607,"properties":{"OBJECTID":125607,"PRIMENAME":"North 28th Avenue","ELEVTYP_F":0,"ELEVTYP_T":0},"geometry":{"type":"LineString","coordinates":[[-74.5251424434697,39.3142842695327],[-74.5261425412315,39.3150869453824],[-74.5264104725478,39.3152880066337]]}},{"type":"Feature","id":126895,"properties":{"OBJECTID":126895,"PRIMENAME":"Unnamed Segment","ELEVTYP_F":0,"ELEVTYP_T":0},"geometry":{"type":"LineString","coordinates":[[-74.5295466671579,39.3087299543787],[-74.5303723915385,39.3093847281536]]}},{"type":"Feature","id":128646,"properties":{"OBJECTID":128646,"PRIMENAME":"Monmouth Avenue","ELEVTYP_F":0,"ELEVTYP_T":0},"geometry":{"type":"LineString","coordinates":[[-74.5210085273928,39.3220286853017],[-74.5215612320848,39.3217097549521]]}},{"type":"Feature","id":128795,"properties":{"OBJECTID":128795,"PRIMENAME":"North 32nd Avenue","ELEVTYP_F":0,"ELEVTYP_T":0},"geometry":{"type":"LineString","coordinates":[[-74.524078455238,39.3204697182616],[-74.5243295412325,39.3207324979846],[-74.5244156679363,39.3208226344964]]}},{"type":"Feature","id":130080,"properties":{"OBJECTID":130080,"PRIMENAME":"North 35th Avenue","ELEVTYP_F":0,"ELEVTYP_T":0},"geometry":{"type":"LineString","coordinates":[[-74.5215612320848,39.3217097549521],[-74.5225007249979,39.3227067295279]]}},{"type":"Feature","id":131113,"properties":{"OBJECTID":131113,"PRIMENAME":"North Jefferson Avenue","ELEVTYP_F":0,"ELEVTYP_T":0},"geometry":{"type":"LineString","coordinates":[[-74.5156408159037,39.3214159505965],[-74.5164421405718,39.3222529465116],[-74.5167650041381,39.322593448368]]}},{"type":"Feature","id":133797,"properties":{"OBJECTID":133797,"PRIMENAME":"Unnamed Segment","ELEVTYP_F":0,"ELEVTYP_T":0},"geometry":{"type":"LineString","coordinates":[[-74.532123104787,39.3084639000577],[-74.5317316090348,39.3081496247481],[-74.5314621942092,39.3079233151632],[-74.5311707236944,39.3076901736462],[-74.5310461671324,39.307589852222]]}},{"type":"Feature","id":133953,"properties":{"OBJECTID":133953,"PRIMENAME":"Seaview Drive","ELEVTYP_F":0,"ELEVTYP_T":0},"geometry":{"type":"LineString","coordinates":[[-74.533609519607,39.315383101076],[-74.5338669601084,39.3154042506023],[-74.534085395499,39.3153920510453],[-74.5342804248967,39.3153647296592],[-74.5345885391497,39.3152888843416],[-74.5355440357885,39.3150250103518],[-74.5361664350631,39.3148546399597]]}},{"type":"Feature","id":134117,"properties":{"OBJECTID":134117,"PRIMENAME":"North Jefferson Avenue","ELEVTYP_F":0,"ELEVTYP_T":0},"geometry":{"type":"LineString","coordinates":[[-74.5167650041381,39.322593448368],[-74.5177563483099,39.3236390255707],[-74.5179188281595,39.3238070099387]]}},{"type":"Feature","id":139855,"properties":{"OBJECTID":139855,"PRIMENAME":"North 35th Avenue","ELEVTYP_F":0,"ELEVTYP_T":0},"geometry":{"type":"LineString","coordinates":[[-74.519258661367,39.3192983972384],[-74.520161985526,39.3202517138232],[-74.5204005228799,39.3204991957405]]}},{"type":"Feature","id":140035,"properties":{"OBJECTID":140035,"PRIMENAME":"Hospitality Drive","ELEVTYP_F":0,"ELEVTYP_T":0},"geometry":{"type":"LineString","coordinates":[[-74.5373614631227,39.3145275246121],[-74.5377631406765,39.3144031525521],[-74.537864517348,39.3143455700412],[-74.5379658823818,39.3142667633012],[-74.5380867593418,39.3141879221642],[-74.5381764423798,39.3141424510837],[-74.5382466684164,39.3141303201532],[-74.538324684205,39.3141424023733],[-74.5383753831339,39.3141666302543],[-74.5384339476464,39.3142241884401],[-74.5385041710699,39.314336271882]]}},{"type":"Feature","id":140363,"properties":{"OBJECTID":140363,"PRIMENAME":"North 35th Avenue","ELEVTYP_F":0,"ELEVTYP_T":0},"geometry":{"type":"LineString","coordinates":[[-74.5204005228799,39.3204991957405],[-74.5212860151931,39.3214177188266],[-74.5215612320848,39.3217097549521]]}},{"type":"Feature","id":143286,"properties":{"OBJECTID":143286,"PRIMENAME":"Unnamed Segment","ELEVTYP_F":0,"ELEVTYP_T":0},"geometry":{"type":"LineString","coordinates":[[-74.5351493563254,39.3061918115843],[-74.5339205815923,39.3052305221369]]}},{"type":"Feature","id":146292,"properties":{"OBJECTID":146292,"PRIMENAME":"Unnamed Segment","ELEVTYP_F":0,"ELEVTYP_T":0},"geometry":{"type":"LineString","coordinates":[[-74.5359016740265,39.3056235792688],[-74.5354696744392,39.3053085874864],[-74.535094267423,39.3050068668082],[-74.5346687990993,39.304662490763]]}},{"type":"Feature","id":150923,"properties":{"OBJECTID":150923,"PRIMENAME":"South 17th Avenue","ELEVTYP_F":0,"ELEVTYP_T":0},"geometry":{"type":"LineString","coordinates":[[-74.5314287678782,39.3073110058855],[-74.5322488033367,39.307963461954]]}},{"type":"Feature","id":151676,"properties":{"OBJECTID":151676,"PRIMENAME":"North Manor Avenue","ELEVTYP_F":0,"ELEVTYP_T":0},"geometry":{"type":"LineString","coordinates":[[-74.5253649576414,39.3176437156593],[-74.5247914803361,39.3170544486011],[-74.5242002552846,39.3164305864916]]}},{"type":"Feature","id":159751,"properties":{"OBJECTID":159751,"PRIMENAME":"Atlantic Avenue","ELEVTYP_F":0,"ELEVTYP_T":0},"geometry":{"type":"LineString","coordinates":[[-74.5249284103775,39.3131548191005],[-74.5245740400865,39.3133674106836],[-74.5242434870502,39.3135680531918]]}},{"type":"Feature","id":159802,"properties":{"OBJECTID":159802,"PRIMENAME":"Pacific Avenue","ELEVTYP_F":0,"ELEVTYP_T":0},"geometry":{"type":"LineString","coordinates":[[-74.5235382310898,39.3149308040727],[-74.5231942696289,39.3151297437158],[-74.5230453130448,39.3152162354867]]}},{"type":"Feature","id":159956,"properties":{"OBJECTID":159956,"PRIMENAME":"Atlantic Avenue","ELEVTYP_F":0,"ELEVTYP_T":0},"geometry":{"type":"LineString","coordinates":[[-74.5359016740265,39.3056235792688],[-74.5355124627347,39.3059175707375]]}},{"type":"Feature","id":160027,"properties":{"OBJECTID":160027,"PRIMENAME":"North 33rd Avenue","ELEVTYP_F":0,"ELEVTYP_T":0},"geometry":{"type":"LineString","coordinates":[[-74.5217677977216,39.3197132960788],[-74.5222625281555,39.3202330165347],[-74.5229230040604,39.3209239798284]]}},{"type":"Feature","id":160742,"properties":{"OBJECTID":160742,"PRIMENAME":"Pacific Avenue","ELEVTYP_F":0,"ELEVTYP_T":0},"geometry":{"type":"LineString","coordinates":[[-74.5172518215964,39.3185561242396],[-74.5170051833831,39.3186942286236]]}},{"type":"Feature","id":161646,"properties":{"OBJECTID":161646,"PRIMENAME":"Amherst Avenue","ELEVTYP_F":0,"ELEVTYP_T":0},"geometry":{"type":"LineString","coordinates":[[-74.5197284726433,39.3243078606402],[-74.5201253983607,39.3240692189673],[-74.5205676710096,39.3238152756862]]}},{"type":"Feature","id":162782,"properties":{"OBJECTID":162782,"PRIMENAME":"North Monroe Avenue","ELEVTYP_F":0,"ELEVTYP_T":0},"geometry":{"type":"LineString","coordinates":[[-74.517341634368,39.3204334654924],[-74.5179393716939,39.3210603264888],[-74.5184672850909,39.3216153680087]]}},{"type":"Feature","id":162813,"properties":{"OBJECTID":162813,"PRIMENAME":"Point Drive","ELEVTYP_F":0,"ELEVTYP_T":0},"geometry":{"type":"LineString","coordinates":[[-74.5363955865812,39.3042832768172],[-74.5364977559484,39.3042107037315],[-74.5365507189149,39.3041866893143],[-74.5366522509008,39.3041797931567],[-74.5374071377856,39.304136211069],[-74.5375484344024,39.3041280537125]]}},{"type":"Feature","id":163446,"properties":{"OBJECTID":163446,"PRIMENAME":"Winchester Avenue","ELEVTYP_F":0,"ELEVTYP_T":0},"geometry":{"type":"LineString","coordinates":[[-74.5167650041381,39.322593448368],[-74.5159086135399,39.3230852949184]]}},{"type":"Feature","id":164197,"properties":{"OBJECTID":164197,"PRIMENAME":"Atlantic Avenue","ELEVTYP_F":0,"ELEVTYP_T":0},"geometry":{"type":"LineString","coordinates":[[-74.5330240448947,39.3074281354123],[-74.5329013371657,39.30758124253]]}},{"type":"Feature","id":164775,"properties":{"OBJECTID":164775,"PRIMENAME":"Beach Terrace","ELEVTYP_F":0,"ELEVTYP_T":0},"geometry":{"type":"LineString","coordinates":[[-74.5310461671324,39.307589852222],[-74.5311397228402,39.307518686046],[-74.5314287678782,39.3073110058855]]}},{"type":"Feature","id":165144,"properties":{"OBJECTID":165144,"PRIMENAME":"Pacific Avenue","ELEVTYP_F":0,"ELEVTYP_T":0},"geometry":{"type":"LineString","coordinates":[[-74.5189723292033,39.3175647316662],[-74.5186394047947,39.3177567088689]]}},{"type":"Feature","id":165358,"properties":{"OBJECTID":165358,"PRIMENAME":"Pacific Avenue","ELEVTYP_F":0,"ELEVTYP_T":0},"geometry":{"type":"LineString","coordinates":[[-74.5251424434697,39.3142842695327],[-74.5249650757128,39.3142811773691],[-74.5249117391566,39.3142849776313],[-74.5247520903221,39.3143101624933],[-74.5246117457999,39.3143512956209],[-74.5245088689285,39.3143979390999],[-74.5242550235908,39.3145299781424]]}},{"type":"Feature","id":165704,"properties":{"OBJECTID":165704,"PRIMENAME":"Sunset Avenue","ELEVTYP_F":0,"ELEVTYP_T":0},"geometry":{"type":"LineString","coordinates":[[-74.5256524920556,39.3174924470303],[-74.5257069039467,39.3173308231744],[-74.5257395659203,39.3172366941617]]}},{"type":"Feature","id":165975,"properties":{"OBJECTID":165975,"PRIMENAME":"Bay Haven Drive","ELEVTYP_F":0,"ELEVTYP_T":0},"geometry":{"type":"LineString","coordinates":[[-74.5282044902357,39.31115602841],[-74.5276899231691,39.3107424849242],[-74.527375612239,39.3104861659224],[-74.5273236061418,39.3104475186617]]}},{"type":"Feature","id":166540,"properties":{"OBJECTID":166540,"PRIMENAME":"Atlantic Avenue","ELEVTYP_F":0,"ELEVTYP_T":0},"geometry":{"type":"LineString","coordinates":[[-74.5339561191871,39.3070280113279],[-74.5339136682709,39.3070170130051],[-74.5338711725945,39.3069877019523],[-74.5338286698806,39.3069437003471],[-74.5337625616812,39.3069070373318],[-74.5336681555025,39.3068924020598]]}},{"type":"Feature","id":167131,"properties":{"OBJECTID":167131,"PRIMENAME":"Amherst Avenue","ELEVTYP_F":0,"ELEVTYP_T":0},"geometry":{"type":"LineString","coordinates":[[-74.5233938920414,39.3221930543554],[-74.5235620192258,39.3220968935115],[-74.5236761399017,39.3220246591746],[-74.5237267831652,39.3219852201633],[-74.5237547934476,39.3219390170224]]}},{"type":"Feature","id":167373,"properties":{"OBJECTID":167373,"PRIMENAME":"North Yarmouth Avenue","ELEVTYP_F":0,"ELEVTYP_T":0},"geometry":{"type":"LineString","coordinates":[[-74.5222795555666,39.319417982033],[-74.5215227080869,39.3186220381432],[-74.5211221220606,39.3182019654587]]}},{"type":"Feature","id":167624,"properties":{"OBJECTID":167624,"PRIMENAME":"North 32nd Avenue","ELEVTYP_F":0,"ELEVTYP_T":0},"geometry":{"type":"LineString","coordinates":[[-74.5227874560526,39.3191248635685],[-74.5231711905971,39.3195287065108],[-74.5239469821119,39.3203386388428]]}},{"type":"Feature","id":168221,"properties":{"OBJECTID":168221,"PRIMENAME":"South 31st Avenue","ELEVTYP_F":0,"ELEVTYP_T":0},"geometry":{"type":"LineString","coordinates":[[-74.5214979036557,39.316112644085],[-74.5212344154202,39.3158383694897],[-74.5209647747066,39.3155518235686]]}},{"type":"Feature","id":168799,"properties":{"OBJECTID":168799,"PRIMENAME":"Sunset Boulevard West","ELEVTYP_F":0,"ELEVTYP_T":0},"geometry":{"type":"LineString","coordinates":[[-74.5355911147341,39.3136249384221],[-74.535636946383,39.3136008996139],[-74.5357734160823,39.3135311714614],[-74.535906006556,39.3134796219291],[-74.5364871107032,39.3133158249608],[-74.5371929649792,39.3131216728061]]}},{"type":"Feature","id":169100,"properties":{"OBJECTID":169100,"PRIMENAME":"Atlantic Avenue","ELEVTYP_F":0,"ELEVTYP_T":0},"geometry":{"type":"LineString","coordinates":[[-74.5176156158704,39.3175781508643],[-74.5170750521684,39.3179040080211]]}},{"type":"Feature","id":169383,"properties":{"OBJECTID":169383,"PRIMENAME":"North Pelham Avenue","ELEVTYP_F":0,"ELEVTYP_T":0},"geometry":{"type":"LineString","coordinates":[[-74.5239165357118,39.3153234713192],[-74.5241187196171,39.3155333108683],[-74.5246983731799,39.3161437762993]]}},{"type":"Feature","id":169409,"properties":{"OBJECTID":169409,"PRIMENAME":"North Colgate Avenue","ELEVTYP_F":0,"ELEVTYP_T":0},"geometry":{"type":"LineString","coordinates":[[-74.5224419160671,39.3212015806805],[-74.5226221889654,39.32139179446],[-74.5233938920414,39.3221930543554]]}},{"type":"Feature","id":169905,"properties":{"OBJECTID":169905,"PRIMENAME":"Sunset Avenue","ELEVTYP_F":0,"ELEVTYP_T":0},"geometry":{"type":"LineString","coordinates":[[-74.5236548498317,39.3216800510791],[-74.5237140076166,39.3215230953327],[-74.5238605642169,39.3210980326032],[-74.5238660028122,39.3210824086407]]}},{"type":"Feature","id":170213,"properties":{"OBJECTID":170213,"PRIMENAME":"North 26th Avenue","ELEVTYP_F":0,"ELEVTYP_T":0},"geometry":{"type":"LineString","coordinates":[[-74.5268869209378,39.3137489079696],[-74.5263484081796,39.3133207575218]]}},{"type":"Feature","id":171606,"properties":{"OBJECTID":171606,"PRIMENAME":"South 19th Avenue","ELEVTYP_F":0,"ELEVTYP_T":0},"geometry":{"type":"LineString","coordinates":[[-74.5299186746533,39.3084452676378],[-74.5310049727643,39.3093066379688]]}},{"type":"Feature","id":172271,"properties":{"OBJECTID":172271,"PRIMENAME":"South 13th Avenue","ELEVTYP_F":0,"ELEVTYP_T":0},"geometry":{"type":"LineString","coordinates":[[-74.5342937186328,39.3049444759989],[-74.5355124627347,39.3059175707375]]}},{"type":"Feature","id":174882,"properties":{"OBJECTID":174882,"PRIMENAME":"Atlantic Avenue","ELEVTYP_F":0,"ELEVTYP_T":0},"geometry":{"type":"LineString","coordinates":[[-74.5322488033367,39.307963461954],[-74.5325525683787,39.3077206574595],[-74.5326276182603,39.3076906572323],[-74.5329013371657,39.30758124253]]}},{"type":"Feature","id":175003,"properties":{"OBJECTID":175003,"PRIMENAME":"Monmouth Avenue","ELEVTYP_F":0,"ELEVTYP_T":0},"geometry":{"type":"LineString","coordinates":[[-74.5204783681053,39.322338576568],[-74.5207278220354,39.3221913058182]]}},{"type":"Feature","id":179895,"properties":{"OBJECTID":179895,"PRIMENAME":"South 36th Avenue","ELEVTYP_F":0,"ELEVTYP_T":0},"geometry":{"type":"LineString","coordinates":[[-74.5170750521684,39.3179040080211],[-74.5167052910959,39.3175164800672]]}},{"type":"Feature","id":179965,"properties":{"OBJECTID":179965,"PRIMENAME":"North 24th Avenue","ELEVTYP_F":0,"ELEVTYP_T":0},"geometry":{"type":"LineString","coordinates":[[-74.5277535464387,39.3125422187801],[-74.5275697648648,39.3123953130621]]}},{"type":"Feature","id":180715,"properties":{"OBJECTID":180715,"PRIMENAME":"Winchester Avenue","ELEVTYP_F":0,"ELEVTYP_T":0},"geometry":{"type":"LineString","coordinates":[[-74.5212895414488,39.319988887381],[-74.5209543493534,39.3201812841128]]}},{"type":"Feature","id":180730,"properties":{"OBJECTID":180730,"PRIMENAME":"Beach Terrace","ELEVTYP_F":0,"ELEVTYP_T":0},"geometry":{"type":"LineString","coordinates":[[-74.5302952391611,39.3081595074365],[-74.5305218547866,39.3079887207554],[-74.530668620267,39.3078770420336]]}},{"type":"Feature","id":181128,"properties":{"OBJECTID":181128,"PRIMENAME":"Hospitality Drive","ELEVTYP_F":0,"ELEVTYP_T":0},"geometry":{"type":"LineString","coordinates":[[-74.5373614631227,39.3145275246121],[-74.5372716128995,39.3143275847058],[-74.5372481765907,39.3142578788974],[-74.5372481540965,39.3142154585412],[-74.5372637902849,39.3141730592969],[-74.5373066453098,39.3141366651832],[-74.5373768226418,39.3141002902094],[-74.5374860246216,39.3140669221709],[-74.5376030018931,39.3140335515184],[-74.5377161190658,39.3139880741199],[-74.5378408894757,39.3139213677774],[-74.5379461482157,39.3138515652491],[-74.5380319312043,39.3137849542778]]}},{"type":"Feature","id":182053,"properties":{"OBJECTID":182053,"PRIMENAME":"Beach Terrace","ELEVTYP_F":0,"ELEVTYP_T":0},"geometry":{"type":"LineString","coordinates":[[-74.5346687990993,39.304662490763],[-74.5350394953568,39.3043838017194]]}},{"type":"Feature","id":182693,"properties":{"OBJECTID":182693,"PRIMENAME":"Winchester Avenue","ELEVTYP_F":0,"ELEVTYP_T":0},"geometry":{"type":"LineString","coordinates":[[-74.5176125453703,39.322106677416],[-74.5173224339932,39.3222733294986],[-74.5167650041381,39.322593448368]]}},{"type":"Feature","id":183793,"properties":{"OBJECTID":183793,"PRIMENAME":"South Yarmouth Avenue","ELEVTYP_F":0,"ELEVTYP_T":0},"geometry":{"type":"LineString","coordinates":[[-74.5211221220606,39.3182019654587],[-74.5199668150306,39.3169904129101]]}},{"type":"Feature","id":184169,"properties":{"OBJECTID":184169,"PRIMENAME":"Ventnor Avenue","ELEVTYP_F":0,"ELEVTYP_T":0},"geometry":{"type":"LineString","coordinates":[[-74.5231192711244,39.3169728337622],[-74.5232625197769,39.3169315649474],[-74.523365235112,39.3168911769904]]}},{"type":"Feature","id":185960,"properties":{"OBJECTID":185960,"PRIMENAME":"South 26th Avenue","ELEVTYP_F":0,"ELEVTYP_T":0},"geometry":{"type":"LineString","coordinates":[[-74.5263484081796,39.3133207575218],[-74.5257215837764,39.3128224441461],[-74.5256180980618,39.3127399863574]]}},{"type":"Feature","id":189654,"properties":{"OBJECTID":189654,"PRIMENAME":"Pacific Avenue","ELEVTYP_F":0,"ELEVTYP_T":0},"geometry":{"type":"LineString","coordinates":[[-74.5214979036557,39.316112644085],[-74.5209881806052,39.316402873889]]}},{"type":"Feature","id":190815,"properties":{"OBJECTID":190815,"PRIMENAME":"Sunset Avenue","ELEVTYP_F":0,"ELEVTYP_T":0},"geometry":{"type":"LineString","coordinates":[[-74.5238660028122,39.3210824086407],[-74.524078455238,39.3204697182616]]}},{"type":"Feature","id":191098,"properties":{"OBJECTID":191098,"PRIMENAME":"North 32nd Avenue","ELEVTYP_F":0,"ELEVTYP_T":0},"geometry":{"type":"LineString","coordinates":[[-74.524078455238,39.3204697182616],[-74.5239469821119,39.3203386388428]]}},{"type":"Feature","id":191339,"properties":{"OBJECTID":191339,"PRIMENAME":"Pacific Avenue","ELEVTYP_F":0,"ELEVTYP_T":0},"geometry":{"type":"LineString","coordinates":[[-74.5242550235908,39.3145299781424],[-74.5240187057989,39.3146528967477],[-74.5235382310898,39.3149308040727]]}},{"type":"Feature","id":191420,"properties":{"OBJECTID":191420,"PRIMENAME":"South 20th Avenue","ELEVTYP_F":0,"ELEVTYP_T":0},"geometry":{"type":"LineString","coordinates":[[-74.5288179593496,39.3087300271539],[-74.5291534423472,39.3089974567319]]}},{"type":"Feature","id":192835,"properties":{"OBJECTID":192835,"PRIMENAME":"South 20th Avenue","ELEVTYP_F":0,"ELEVTYP_T":0},"geometry":{"type":"LineString","coordinates":[[-74.5291534423472,39.3089974567319],[-74.5302509492062,39.3098722849182]]}},{"type":"Feature","id":193610,"properties":{"OBJECTID":193610,"PRIMENAME":"Unnamed Segment","ELEVTYP_F":0,"ELEVTYP_T":0},"geometry":{"type":"LineString","coordinates":[[-74.5366351133318,39.3050684720011],[-74.5354205043698,39.3040978585591]]}},{"type":"Feature","id":194680,"properties":{"OBJECTID":194680,"PRIMENAME":"Hospitality Drive","ELEVTYP_F":0,"ELEVTYP_T":0},"geometry":{"type":"LineString","coordinates":[[-74.5387261896944,39.3142746346139],[-74.5385041710699,39.314336271882]]}},{"type":"Feature","id":196727,"properties":{"OBJECTID":196727,"PRIMENAME":"Pacific Avenue","ELEVTYP_F":0,"ELEVTYP_T":0},"geometry":{"type":"LineString","coordinates":[[-74.5170051833831,39.3186942286236],[-74.5165626816374,39.3189420916288],[-74.5161520598781,39.3191844841718]]}},{"type":"Feature","id":197488,"properties":{"OBJECTID":197488,"PRIMENAME":"Atlantic Avenue","ELEVTYP_F":0,"ELEVTYP_T":0},"geometry":{"type":"LineString","coordinates":[[-74.5343815524621,39.30677151998],[-74.5341779850808,39.3069252567618],[-74.5341024885836,39.3069876344199],[-74.5340269777374,39.3070206597818],[-74.5339561191871,39.3070280113279]]}},{"type":"Feature","id":197754,"properties":{"OBJECTID":197754,"PRIMENAME":"Pacific Avenue","ELEVTYP_F":0,"ELEVTYP_T":0},"geometry":{"type":"LineString","coordinates":[[-74.5199668150306,39.3169904129101],[-74.5194513200088,39.3172881884755]]}},{"type":"Feature","id":199012,"properties":{"OBJECTID":199012,"PRIMENAME":"Atlantic Avenue","ELEVTYP_F":0,"ELEVTYP_T":0},"geometry":{"type":"LineString","coordinates":[[-74.531385423767,39.309019665252],[-74.5310587828335,39.309265849919],[-74.5310049727643,39.3093066379688]]}},{"type":"Feature","id":199584,"properties":{"OBJECTID":199584,"PRIMENAME":"South 35th Avenue","ELEVTYP_F":0,"ELEVTYP_T":0},"geometry":{"type":"LineString","coordinates":[[-74.5172717356878,39.3172193676199],[-74.5176156158704,39.3175781508643]]}},{"type":"Feature","id":200641,"properties":{"OBJECTID":200641,"PRIMENAME":"North 34th Avenue","ELEVTYP_F":0,"ELEVTYP_T":0},"geometry":{"type":"LineString","coordinates":[[-74.5209543493534,39.3201812841128],[-74.5200625449789,39.3192469446683],[-74.5197987656854,39.3189699492603]]}},{"type":"Feature","id":202209,"properties":{"OBJECTID":202209,"PRIMENAME":"Atlantic Avenue","ELEVTYP_F":0,"ELEVTYP_T":0},"geometry":{"type":"LineString","coordinates":[[-74.5282044902357,39.31115602841],[-74.5281374615972,39.311206592191],[-74.5280022835117,39.3112981171936]]}},{"type":"Feature","id":202292,"properties":{"OBJECTID":202292,"PRIMENAME":"Pelham Avenue","ELEVTYP_F":0,"ELEVTYP_T":0},"geometry":{"type":"LineString","coordinates":[[-74.5223758243591,39.3138072202329],[-74.5227667904721,39.3141971999201],[-74.5228458296398,39.3142760392358],[-74.5228537043779,39.3142818911976],[-74.5229505142343,39.3143538311982]]}},{"type":"Feature","id":202387,"properties":{"OBJECTID":202387,"PRIMENAME":"South 14th Avenue","ELEVTYP_F":0,"ELEVTYP_T":0},"geometry":{"type":"LineString","coordinates":[[-74.5335404048495,39.3055100075344],[-74.5347652618601,39.3064818723166]]}},{"type":"Feature","id":202765,"properties":{"OBJECTID":202765,"PRIMENAME":"South 11th Avenue","ELEVTYP_F":0,"ELEVTYP_T":0},"geometry":{"type":"LineString","coordinates":[[-74.5370091213671,39.3047790397123],[-74.5363955865812,39.3042832768172]]}},{"type":"Feature","id":204371,"properties":{"OBJECTID":204371,"PRIMENAME":"Sunset Avenue","ELEVTYP_F":0,"ELEVTYP_T":0},"geometry":{"type":"LineString","coordinates":[[-74.5247235354904,39.3198390740644],[-74.5248312414342,39.3197405793431],[-74.5248888652022,39.3196554228122]]}},{"type":"Feature","id":205318,"properties":{"OBJECTID":205318,"PRIMENAME":"Somers Point Longport Boulevard","ELEVTYP_F":0,"ELEVTYP_T":0},"geometry":{"type":"LineString","coordinates":[[-74.5314076229019,39.3159821951054],[-74.5311969675124,39.3159702889085],[-74.531023249873,39.3159604704937],[-74.5309937761091,39.3159563372914]]}},{"type":"Feature","id":205373,"properties":{"OBJECTID":205373,"PRIMENAME":"Winchester Avenue","ELEVTYP_F":0,"ELEVTYP_T":0},"geometry":{"type":"LineString","coordinates":[[-74.5248337869359,39.3179429732567],[-74.5243235016634,39.3182391216422]]}},{"type":"Feature","id":205580,"properties":{"OBJECTID":205580,"PRIMENAME":"Monmouth Avenue","ELEVTYP_F":0,"ELEVTYP_T":0},"geometry":{"type":"LineString","coordinates":[[-74.5244640028559,39.3200465543783],[-74.5245247556047,39.3200125502063],[-74.5246092162116,39.3199436154585],[-74.5247235354904,39.3198390740644]]}},{"type":"Feature","id":206508,"properties":{"OBJECTID":206508,"PRIMENAME":"Ventnor Avenue","ELEVTYP_F":0,"ELEVTYP_T":0},"geometry":{"type":"LineString","coordinates":[[-74.52666959331,39.3145306030269],[-74.5264653694014,39.3144528641095],[-74.5263429294067,39.3144042856107],[-74.5262442461515,39.3143651340817],[-74.5261172657341,39.3143208748841]]}},{"type":"Feature","id":208248,"properties":{"OBJECTID":208248,"PRIMENAME":"Winchester Avenue","ELEVTYP_F":0,"ELEVTYP_T":0},"geometry":{"type":"LineString","coordinates":[[-74.5238148363091,39.3185336748019],[-74.52330086586,39.3188289960835]]}},{"type":"Feature","id":208512,"properties":{"OBJECTID":208512,"PRIMENAME":"Winchester Avenue","ELEVTYP_F":0,"ELEVTYP_T":0},"geometry":{"type":"LineString","coordinates":[[-74.5204005228799,39.3204991957405],[-74.5198497306096,39.3208153476082]]}},{"type":"Feature","id":210974,"properties":{"OBJECTID":210974,"PRIMENAME":"North 36th Avenue","ELEVTYP_F":0,"ELEVTYP_T":0},"geometry":{"type":"LineString","coordinates":[[-74.5198497306096,39.3208153476082],[-74.5192696221762,39.3202078790364],[-74.5187177392427,39.3196276661697]]}},{"type":"Feature","id":211009,"properties":{"OBJECTID":211009,"PRIMENAME":"South Woodcrest Avenue","ELEVTYP_F":0,"ELEVTYP_T":0},"geometry":{"type":"LineString","coordinates":[[-74.5204628323815,39.3158532522534],[-74.5199095284953,39.3152839465322]]}},{"type":"Feature","id":212090,"properties":{"OBJECTID":212090,"PRIMENAME":"Amherst Avenue","ELEVTYP_F":0,"ELEVTYP_T":0},"geometry":{"type":"LineString","coordinates":[[-74.5225007249979,39.3227067295279],[-74.5230586244951,39.3223855940128]]}},{"type":"Feature","id":216095,"properties":{"OBJECTID":216095,"PRIMENAME":"Unnamed Segment","ELEVTYP_F":0,"ELEVTYP_T":0},"geometry":{"type":"LineString","coordinates":[[-74.5343815524621,39.30677151998],[-74.5336997766426,39.3062077532223],[-74.5332273647057,39.3058450719287]]}},{"type":"Feature","id":216617,"properties":{"OBJECTID":216617,"PRIMENAME":"Somers Pt Longport Boulevard","ELEVTYP_F":0,"ELEVTYP_T":0},"geometry":{"type":"LineString","coordinates":[[-74.5440666185113,39.3127922843922],[-74.5438045320826,39.3128659179001],[-74.5430958377587,39.3130636802349],[-74.5417361442153,39.3134382488995],[-74.5401954255078,39.3138667358592],[-74.5387261896944,39.3142746346139]]}},{"type":"Feature","id":217118,"properties":{"OBJECTID":217118,"PRIMENAME":"North Jefferson Avenue","ELEVTYP_F":0,"ELEVTYP_T":0},"geometry":{"type":"LineString","coordinates":[[-74.5179188281595,39.3238070099387],[-74.518880957398,39.3248017857701]]}},{"type":"Feature","id":218044,"properties":{"OBJECTID":218044,"PRIMENAME":"13th Avenue","ELEVTYP_F":0,"ELEVTYP_T":0},"geometry":{"type":"LineString","coordinates":[[-74.5355124627347,39.3059175707375],[-74.5356775763074,39.3060493964151],[-74.5358851210381,39.3062208285627]]}},{"type":"Feature","id":218605,"properties":{"OBJECTID":218605,"PRIMENAME":"North 31st Street","ELEVTYP_F":0,"ELEVTYP_T":0},"geometry":{"type":"LineString","coordinates":[[-74.5250844879533,39.3198597156048],[-74.5248888652022,39.3196554228122]]}},{"type":"Feature","id":218771,"properties":{"OBJECTID":218771,"PRIMENAME":"North 34th Avenue","ELEVTYP_F":0,"ELEVTYP_T":0},"geometry":{"type":"LineString","coordinates":[[-74.5221107151614,39.3213926890635],[-74.5210354304018,39.3202662209302],[-74.5209543493534,39.3201812841128]]}},{"type":"Feature","id":219094,"properties":{"OBJECTID":219094,"PRIMENAME":"Longport Drive","ELEVTYP_F":0,"ELEVTYP_T":0},"geometry":{"type":"LineString","coordinates":[[-74.5251958502097,39.3158565803527],[-74.5256107340105,39.3156170924007]]}},{"type":"Feature","id":219265,"properties":{"OBJECTID":219265,"PRIMENAME":"Longport Drive","ELEVTYP_F":0,"ELEVTYP_T":0},"geometry":{"type":"LineString","coordinates":[[-74.523365235112,39.3168911769904],[-74.5233947024234,39.3168795892752],[-74.5234709004541,39.3168469553739],[-74.5235502402457,39.3168046559275],[-74.5236760882866,39.3167321984524]]}},{"type":"Feature","id":219268,"properties":{"OBJECTID":219268,"PRIMENAME":"South 31st Avenue","ELEVTYP_F":0,"ELEVTYP_T":0},"geometry":{"type":"LineString","coordinates":[[-74.5226545985642,39.3173186080002],[-74.5224069415754,39.3170590775969],[-74.5222441483875,39.3168896175143]]}},{"type":"Feature","id":220412,"properties":{"OBJECTID":220412,"PRIMENAME":"North 33rd Avenue","ELEVTYP_F":0,"ELEVTYP_T":0},"geometry":{"type":"LineString","coordinates":[[-74.5237547934476,39.3219390170224],[-74.5237605948695,39.3219294482756],[-74.5237732303063,39.3218703864218],[-74.5237556227103,39.3218156735744],[-74.5237521037493,39.3218047410932],[-74.5236548498317,39.3216800510791]]}},{"type":"Feature","id":220545,"properties":{"OBJECTID":220545,"PRIMENAME":"South 29th Avenue","ELEVTYP_F":0,"ELEVTYP_T":0},"geometry":{"type":"LineString","coordinates":[[-74.5235651639408,39.3139797450952],[-74.5238528869363,39.3142082381362],[-74.5242550235908,39.3145299781424]]}},{"type":"Feature","id":221003,"properties":{"OBJECTID":221003,"PRIMENAME":"Beach Terrace","ELEVTYP_F":0,"ELEVTYP_T":0},"geometry":{"type":"LineString","coordinates":[[-74.528753817639,39.3092659484237],[-74.5289053807362,39.3091534762424],[-74.5290785961024,39.3090249323729],[-74.5291534423472,39.3089974567319]]}},{"type":"Feature","id":221769,"properties":{"OBJECTID":221769,"PRIMENAME":"North Yarmouth Avenue","ELEVTYP_F":0,"ELEVTYP_T":0},"geometry":{"type":"LineString","coordinates":[[-74.5238660028122,39.3210824086407],[-74.5234322546661,39.32062764515]]}},{"type":"Feature","id":222991,"properties":{"OBJECTID":222991,"PRIMENAME":"North Colgate Avenue","ELEVTYP_F":0,"ELEVTYP_T":0},"geometry":{"type":"LineString","coordinates":[[-74.5212895414488,39.319988887381],[-74.5215311587857,39.3202404858601],[-74.5224419160671,39.3212015806805]]}},{"type":"Feature","id":223219,"properties":{"OBJECTID":223219,"PRIMENAME":"South 31st Avenue","ELEVTYP_F":0,"ELEVTYP_T":0},"geometry":{"type":"LineString","coordinates":[[-74.5222441483875,39.3168896175143],[-74.5214979036557,39.316112644085]]}},{"type":"Feature","id":224276,"properties":{"OBJECTID":224276,"PRIMENAME":"South 28th Avenue","ELEVTYP_F":0,"ELEVTYP_T":0},"geometry":{"type":"LineString","coordinates":[[-74.5233079567805,39.3128229524499],[-74.5242434870502,39.3135680531918]]}},{"type":"Feature","id":224811,"properties":{"OBJECTID":224811,"PRIMENAME":"Bay Haven Drive","ELEVTYP_F":0,"ELEVTYP_T":0},"geometry":{"type":"LineString","coordinates":[[-74.5280022835117,39.3112981171936],[-74.5285750285322,39.3117643157732]]}},{"type":"Feature","id":227019,"properties":{"OBJECTID":227019,"PRIMENAME":"North 31st Street","ELEVTYP_F":0,"ELEVTYP_T":0},"geometry":{"type":"LineString","coordinates":[[-74.5238148363091,39.3185336748019],[-74.523588458051,39.3182972341339],[-74.5226545985642,39.3173186080002]]}},{"type":"Feature","id":227111,"properties":{"OBJECTID":227111,"PRIMENAME":"South 16th Avenue","ELEVTYP_F":0,"ELEVTYP_T":0},"geometry":{"type":"LineString","coordinates":[[-74.5321626410311,39.306736899753],[-74.5318500665274,39.3064860835609]]}},{"type":"Feature","id":227866,"properties":{"OBJECTID":227866,"PRIMENAME":"Atlantic Avenue","ELEVTYP_F":0,"ELEVTYP_T":0},"geometry":{"type":"LineString","coordinates":[[-74.5199592970803,39.3161590732149],[-74.5189568791319,39.3167678513102]]}},{"type":"Feature","id":228263,"properties":{"OBJECTID":228263,"PRIMENAME":"South 21st Avenue","ELEVTYP_F":0,"ELEVTYP_T":0},"geometry":{"type":"LineString","coordinates":[[-74.5283878742164,39.3095374770879],[-74.5294290280694,39.3103797639227]]}},{"type":"Feature","id":229208,"properties":{"OBJECTID":229208,"PRIMENAME":"Pacific Avenue","ELEVTYP_F":0,"ELEVTYP_T":0},"geometry":{"type":"LineString","coordinates":[[-74.5161520598781,39.3191844841718],[-74.5160381112186,39.3192517422433],[-74.5154159480993,39.3196087935722],[-74.515299029287,39.3196767926804]]}},{"type":"Feature","id":229584,"properties":{"OBJECTID":229584,"PRIMENAME":"Amherst Avenue","ELEVTYP_F":0,"ELEVTYP_T":0},"geometry":{"type":"LineString","coordinates":[[-74.5214205371193,39.3233256196861],[-74.5216735978187,39.3231803082467]]}},{"type":"Feature","id":230181,"properties":{"OBJECTID":230181,"PRIMENAME":"Winchester Avenue","ELEVTYP_F":0,"ELEVTYP_T":0},"geometry":{"type":"LineString","coordinates":[[-74.5256524920556,39.3174924470303],[-74.5253649576414,39.3176437156593]]}},{"type":"Feature","id":230304,"properties":{"OBJECTID":230304,"PRIMENAME":"North Pelham Avenue","ELEVTYP_F":0,"ELEVTYP_T":0},"geometry":{"type":"LineString","coordinates":[[-74.5246983731799,39.3161437762993],[-74.5249078472289,39.3163643758559],[-74.5257395659203,39.3172366941617]]}},{"type":"Feature","id":230349,"properties":{"OBJECTID":230349,"PRIMENAME":"South Coolidge Avenue","ELEVTYP_F":0,"ELEVTYP_T":0},"geometry":{"type":"LineString","coordinates":[[-74.5181890027092,39.3199415005896],[-74.5178165377405,39.3195497203696],[-74.5171241613354,39.318818316617],[-74.5170051833831,39.3186942286236]]}},{"type":"Feature","id":230926,"properties":{"OBJECTID":230926,"PRIMENAME":"South 29th Avenue","ELEVTYP_F":0,"ELEVTYP_T":0},"geometry":{"type":"LineString","coordinates":[[-74.5242550235908,39.3145299781424],[-74.5244908833155,39.3147187228331]]}},{"type":"Feature","id":233611,"properties":{"OBJECTID":233611,"PRIMENAME":"North 34th Avenue","ELEVTYP_F":0,"ELEVTYP_T":0},"geometry":{"type":"LineString","coordinates":[[-74.5234016759481,39.322744854553],[-74.5233007372177,39.3226391460877],[-74.5230586244951,39.3223855940128]]}},{"type":"Feature","id":233637,"properties":{"OBJECTID":233637,"PRIMENAME":"Beach Terrace","ELEVTYP_F":0,"ELEVTYP_T":0},"geometry":{"type":"LineString","coordinates":[[-74.5342937186328,39.3049444759989],[-74.5346687990993,39.304662490763]]}},{"type":"Feature","id":234151,"properties":{"OBJECTID":234151,"PRIMENAME":"Amherst Avenue","ELEVTYP_F":0,"ELEVTYP_T":0},"geometry":{"type":"LineString","coordinates":[[-74.5239469821119,39.3203386388428],[-74.5239909569244,39.3203136303456],[-74.5240642478224,39.3202719488794],[-74.5244191180157,39.3200716596336],[-74.5244640028559,39.3200465543783]]}},{"type":"Feature","id":234900,"properties":{"OBJECTID":234900,"PRIMENAME":"Winchester Avenue","ELEVTYP_F":0,"ELEVTYP_T":0},"geometry":{"type":"LineString","coordinates":[[-74.52330086586,39.3188289960835],[-74.5231426403204,39.3189199100841],[-74.5227874560526,39.3191248635685]]}},{"type":"Feature","id":235661,"properties":{"OBJECTID":235661,"PRIMENAME":"Winchester Avenue","ELEVTYP_F":0,"ELEVTYP_T":0},"geometry":{"type":"LineString","coordinates":[[-74.5184672850909,39.3216153680087],[-74.5179800251646,39.3218956421054],[-74.5176125453703,39.322106677416]]}},{"type":"Feature","id":238007,"properties":{"OBJECTID":238007,"PRIMENAME":"Seaview Drive","ELEVTYP_F":0,"ELEVTYP_T":0},"geometry":{"type":"LineString","coordinates":[[-74.533621364496,39.31568611254],[-74.5335862140861,39.3155800569398],[-74.5335861648266,39.3154770386673],[-74.533609519607,39.315383101076]]}},{"type":"Feature","id":239951,"properties":{"OBJECTID":239951,"PRIMENAME":"South 15th Avenue","ELEVTYP_F":0,"ELEVTYP_T":0},"geometry":{"type":"LineString","coordinates":[[-74.5339561191871,39.3070280113279],[-74.534349319822,39.3073402329568]]}},{"type":"Feature","id":240789,"properties":{"OBJECTID":240789,"PRIMENAME":"North Evergreen Avenue","ELEVTYP_F":0,"ELEVTYP_T":0},"geometry":{"type":"LineString","coordinates":[[-74.5231192711244,39.3169728337622],[-74.5243235016634,39.3182391216422]]}},{"type":"Feature","id":241608,"properties":{"OBJECTID":241608,"PRIMENAME":"Oberon Avenue","ELEVTYP_F":0,"ELEVTYP_T":0},"geometry":{"type":"LineString","coordinates":[[-74.5251424434697,39.3142842695327],[-74.5252633453953,39.3141380074571],[-74.5257237406424,39.3137913452691]]}},{"type":"Feature","id":242711,"properties":{"OBJECTID":242711,"PRIMENAME":"North 29th Avenue","ELEVTYP_F":0,"ELEVTYP_T":0},"geometry":{"type":"LineString","coordinates":[[-74.5244908833155,39.3147187228331],[-74.5249763976588,39.3151071896591],[-74.5256107340105,39.3156170924007]]}},{"type":"Feature","id":243299,"properties":{"OBJECTID":243299,"PRIMENAME":"South 26th Avenue","ELEVTYP_F":0,"ELEVTYP_T":0},"geometry":{"type":"LineString","coordinates":[[-74.5256180980618,39.3127399863574],[-74.5249095647217,39.312175477354],[-74.524739556321,39.3120400244058]]}},{"type":"Feature","id":246430,"properties":{"OBJECTID":246430,"PRIMENAME":"Atlantic Avenue","ELEVTYP_F":0,"ELEVTYP_T":0},"geometry":{"type":"LineString","coordinates":[[-74.5285946187315,39.3108864978763],[-74.5284489650754,39.3109754667532],[-74.528297948312,39.3110855230816],[-74.5282044902357,39.31115602841]]}},{"type":"Feature","id":247526,"properties":{"OBJECTID":247526,"PRIMENAME":"North Madison Avenue","ELEVTYP_F":0,"ELEVTYP_T":0},"geometry":{"type":"LineString","coordinates":[[-74.5187801965304,39.3233129786947],[-74.5187075310642,39.3232401747842],[-74.5180339251724,39.3225489989094],[-74.5176125453703,39.322106677416]]}},{"type":"Feature","id":251451,"properties":{"OBJECTID":251451,"PRIMENAME":"South 27th Avenue","ELEVTYP_F":0,"ELEVTYP_T":0},"geometry":{"type":"LineString","coordinates":[[-74.5249284103775,39.3131548191005],[-74.5241352519022,39.3125197138711]]}},{"type":"Feature","id":252087,"properties":{"OBJECTID":252087,"PRIMENAME":"South 27th Avenue","ELEVTYP_F":0,"ELEVTYP_T":0},"geometry":{"type":"LineString","coordinates":[[-74.5257237406424,39.3137913452691],[-74.5250915412079,39.3132854790814],[-74.5249284103775,39.3131548191005]]}},{"type":"Feature","id":252288,"properties":{"OBJECTID":252288,"PRIMENAME":"Atlantic Avenue","ELEVTYP_F":0,"ELEVTYP_T":0},"geometry":{"type":"LineString","coordinates":[[-74.5269768098545,39.3119211879824],[-74.5266318864787,39.3121274140057],[-74.5263070337536,39.3123237227752]]}},{"type":"Feature","id":252909,"properties":{"OBJECTID":252909,"PRIMENAME":"Winchester Avenue","ELEVTYP_F":0,"ELEVTYP_T":0},"geometry":{"type":"LineString","coordinates":[[-74.5243235016634,39.3182391216422],[-74.5239368701796,39.3184635248366],[-74.5238148363091,39.3185336748019]]}},{"type":"Feature","id":253391,"properties":{"OBJECTID":253391,"PRIMENAME":"South 30th Avenue","ELEVTYP_F":0,"ELEVTYP_T":0},"geometry":{"type":"LineString","coordinates":[[-74.5219711536096,39.3149489573882],[-74.5225219278249,39.3155200392504]]}},{"type":"Feature","id":253586,"properties":{"OBJECTID":253586,"PRIMENAME":"South 19th Avenue","ELEVTYP_F":0,"ELEVTYP_T":0},"geometry":{"type":"LineString","coordinates":[[-74.5295638524222,39.3081638968906],[-74.5299186746533,39.3084452676378]]}},{"type":"Feature","id":256150,"properties":{"OBJECTID":256150,"PRIMENAME":"Atlantic Avenue","ELEVTYP_F":0,"ELEVTYP_T":0},"geometry":{"type":"LineString","coordinates":[[-74.5170750521684,39.3179040080211],[-74.5168313984545,39.3180509107874],[-74.5167917236282,39.3180749205678]]}},{"type":"Feature","id":256671,"properties":{"OBJECTID":256671,"PRIMENAME":"Pacific Avenue","ELEVTYP_F":0,"ELEVTYP_T":0},"geometry":{"type":"LineString","coordinates":[[-74.5209881806052,39.316402873889],[-74.5206921626139,39.3165714309132],[-74.5204731526692,39.3166979361612]]}},{"type":"Feature","id":257050,"properties":{"OBJECTID":257050,"PRIMENAME":"South 25th Avenue","ELEVTYP_F":0,"ELEVTYP_T":0},"geometry":{"type":"LineString","coordinates":[[-74.5253653110681,39.3115736429731],[-74.5255554827569,39.3117251152307],[-74.5263070337536,39.3123237227752]]}},{"type":"Feature","id":257129,"properties":{"OBJECTID":257129,"PRIMENAME":"Seaview Drive","ELEVTYP_F":0,"ELEVTYP_T":0},"geometry":{"type":"LineString","coordinates":[[-74.533609519607,39.315383101076],[-74.53353150007,39.3153619273609],[-74.5334261853366,39.3153256042939],[-74.5333325317146,39.315283209892],[-74.5331920614528,39.3152014288547],[-74.5330750273496,39.3151226884529],[-74.5329813500239,39.3150287841756],[-74.5328994086711,39.314934877406],[-74.5328408673166,39.3148440114407],[-74.5327900914184,39.3147288716518],[-74.5327666521149,39.3146410152907],[-74.5327549001144,39.3145289119543],[-74.5327509637764,39.3144258947563],[-74.5327743122541,39.3143168019757],[-74.5328054692022,39.3142016661106],[-74.5328677992868,39.314083473974],[-74.5329613785174,39.3139713408597],[-74.5330666282286,39.3138743605972],[-74.5331913942664,39.3137894825544],[-74.5333395939275,39.3137045985685],[-74.5336476627382,39.3135469615591],[-74.534579632822,39.3130649018183]]}},{"type":"Feature","id":258230,"properties":{"OBJECTID":258230,"PRIMENAME":"Somers Point Longport Boulevard","ELEVTYP_F":0,"ELEVTYP_T":0},"geometry":{"type":"LineString","coordinates":[[-74.533621364496,39.31568611254],[-74.5333660154695,39.3157512321743],[-74.533003891127,39.3158351338681],[-74.5327149896936,39.315886065613],[-74.5324876908729,39.3159220430252],[-74.5322141913845,39.3159550393749],[-74.5318944523313,39.3159760777104],[-74.531624759032,39.3159821363171],[-74.5314076229019,39.3159821951054]]}},{"type":"Feature","id":258519,"properties":{"OBJECTID":258519,"PRIMENAME":"Amherst Avenue","ELEVTYP_F":0,"ELEVTYP_T":0},"geometry":{"type":"LineString","coordinates":[[-74.5216735978187,39.3231803082467],[-74.5217231202856,39.3231518710815],[-74.5219550489251,39.3230194851657]]}},{"type":"Feature","id":258753,"properties":{"OBJECTID":258753,"PRIMENAME":"Oberon Avenue","ELEVTYP_F":0,"ELEVTYP_T":0},"geometry":{"type":"LineString","coordinates":[[-74.526969568094,39.3128514310445],[-74.5275697648648,39.3123953130621]]}},{"type":"Feature","id":260223,"properties":{"OBJECTID":260223,"PRIMENAME":"Longport Drive","ELEVTYP_F":0,"ELEVTYP_T":0},"geometry":{"type":"LineString","coordinates":[[-74.5246983731799,39.3161437762993],[-74.5251958502097,39.3158565803527]]}},{"type":"Feature","id":263551,"properties":{"OBJECTID":263551,"PRIMENAME":"North Woodcrest Avenue","ELEVTYP_F":0,"ELEVTYP_T":0},"geometry":{"type":"LineString","coordinates":[[-74.522141692401,39.3176149122138],[-74.5222634354282,39.3177428382341],[-74.52330086586,39.3188289960835]]}},{"type":"Feature","id":263818,"properties":{"OBJECTID":263818,"PRIMENAME":"Atlantic Avenue","ELEVTYP_F":0,"ELEVTYP_T":0},"geometry":{"type":"LineString","coordinates":[[-74.5333174368371,39.3070810225347],[-74.5332057149215,39.3072225954678],[-74.5330594374128,39.3073840015065],[-74.5330240448947,39.3074281354123]]}},{"type":"Feature","id":264692,"properties":{"OBJECTID":264692,"PRIMENAME":"Atlantic Avenue","ELEVTYP_F":0,"ELEVTYP_T":0},"geometry":{"type":"LineString","coordinates":[[-74.5362594751661,39.3053528797193],[-74.5359852244584,39.305560457468],[-74.5359016740265,39.3056235792688]]}},{"type":"Feature","id":264720,"properties":{"OBJECTID":264720,"PRIMENAME":"Monmouth Avenue","ELEVTYP_F":0,"ELEVTYP_T":0},"geometry":{"type":"LineString","coordinates":[[-74.5207278220354,39.3221913058182],[-74.5207762469952,39.3221627170087],[-74.5210085273928,39.3220286853017]]}},{"type":"Feature","id":265216,"properties":{"OBJECTID":265216,"PRIMENAME":"South Madison Avenue","ELEVTYP_F":0,"ELEVTYP_T":0},"geometry":{"type":"LineString","coordinates":[[-74.5164855569815,39.320924711974],[-74.5157070512223,39.3201096515587],[-74.515299029287,39.3196767926804]]}},{"type":"Feature","id":265866,"properties":{"OBJECTID":265866,"PRIMENAME":"Atlantic Avenue","ELEVTYP_F":0,"ELEVTYP_T":0},"geometry":{"type":"LineString","coordinates":[[-74.5347652618601,39.3064818723166],[-74.5343815524621,39.30677151998]]}},{"type":"Feature","id":268131,"properties":{"OBJECTID":268131,"PRIMENAME":"South 30th Avenue","ELEVTYP_F":0,"ELEVTYP_T":0},"geometry":{"type":"LineString","coordinates":[[-74.5230793249634,39.3161027313643],[-74.5234634347603,39.3165078913751]]}},{"type":"Feature","id":270665,"properties":{"OBJECTID":270665,"PRIMENAME":"South Manor Avenue","ELEVTYP_F":0,"ELEVTYP_T":0},"geometry":{"type":"LineString","coordinates":[[-74.5230453130448,39.3152162354867],[-74.522900978581,39.3150646466173],[-74.522575046365,39.3147263581229],[-74.5224805037504,39.3146407105492]]}},{"type":"Feature","id":272312,"properties":{"OBJECTID":272312,"PRIMENAME":"North 30th Avenue","ELEVTYP_F":0,"ELEVTYP_T":0},"geometry":{"type":"LineString","coordinates":[[-74.5248337869359,39.3179429732567],[-74.5253263670588,39.3184531263512]]}},{"type":"Feature","id":272972,"properties":{"OBJECTID":272972,"PRIMENAME":"Atlantic Avenue","ELEVTYP_F":0,"ELEVTYP_T":0},"geometry":{"type":"LineString","coordinates":[[-74.5167917236282,39.3180749205678],[-74.516551023379,39.3182205800914]]}},{"type":"Feature","id":274172,"properties":{"OBJECTID":274172,"PRIMENAME":"South 31st Avenue","ELEVTYP_F":0,"ELEVTYP_T":0},"geometry":{"type":"LineString","coordinates":[[-74.5209647747066,39.3155518235686],[-74.5204303441011,39.3149838618119]]}},{"type":"Feature","id":275159,"properties":{"OBJECTID":275159,"PRIMENAME":"Atlantic Avenue","ELEVTYP_F":0,"ELEVTYP_T":0},"geometry":{"type":"LineString","coordinates":[[-74.5229505142343,39.3143538311982],[-74.5224805037504,39.3146407105492]]}},{"type":"Feature","id":276429,"properties":{"OBJECTID":276429,"PRIMENAME":"North Overbrook Avenue","ELEVTYP_F":0,"ELEVTYP_T":0},"geometry":{"type":"LineString","coordinates":[[-74.5251958502097,39.3158565803527],[-74.5249384637278,39.3155864313428],[-74.524274415431,39.3148995990253]]}},{"type":"Feature","id":276540,"properties":{"OBJECTID":276540,"PRIMENAME":"JFK Memorial Bridge","ELEVTYP_F":0,"ELEVTYP_T":0},"geometry":{"type":"LineString","coordinates":[[-74.5309937761091,39.3159563372914],[-74.5304874295849,39.3158853245179],[-74.52996039166,39.3157671219895],[-74.5295018796488,39.31561422189],[-74.529079418697,39.3154522226412],[-74.5279358876122,39.3150165686883],[-74.5278992542206,39.3150024724864]]}},{"type":"Feature","id":276762,"properties":{"OBJECTID":276762,"PRIMENAME":"Winchester Avenue","ELEVTYP_F":0,"ELEVTYP_T":0},"geometry":{"type":"LineString","coordinates":[[-74.5209543493534,39.3201812841128],[-74.5204005228799,39.3204991957405]]}},{"type":"Feature","id":277172,"properties":{"OBJECTID":277172,"PRIMENAME":"North Coolidge Avenue","ELEVTYP_F":0,"ELEVTYP_T":0},"geometry":{"type":"LineString","coordinates":[[-74.5193160401852,39.3211243829766],[-74.5189847207613,39.3207785350401],[-74.5181890027092,39.3199415005896]]}},{"type":"Feature","id":278963,"properties":{"OBJECTID":278963,"PRIMENAME":"Monmouth Avenue","ELEVTYP_F":0,"ELEVTYP_T":0},"geometry":{"type":"LineString","coordinates":[[-74.5215612320848,39.3217097549521],[-74.5221107151614,39.3213926890635]]}},{"type":"Feature","id":279405,"properties":{"OBJECTID":279405,"PRIMENAME":"South 22nd Avenue","ELEVTYP_F":0,"ELEVTYP_T":0},"geometry":{"type":"LineString","coordinates":[[-74.5285946187315,39.3108864978763],[-74.5276037780018,39.3100946888568],[-74.527312880888,39.3098622213526]]}},{"type":"Feature","id":279495,"properties":{"OBJECTID":279495,"PRIMENAME":"Longport Drive","ELEVTYP_F":0,"ELEVTYP_T":0},"geometry":{"type":"LineString","coordinates":[[-74.5242002552846,39.3164305864916],[-74.524623310912,39.316187091749],[-74.5246983731799,39.3161437762993]]}},{"type":"Feature","id":280353,"properties":{"OBJECTID":280353,"PRIMENAME":"Amherst Avenue","ELEVTYP_F":0,"ELEVTYP_T":0},"geometry":{"type":"LineString","coordinates":[[-74.5230586244951,39.3223855940128],[-74.5232578551825,39.322270894066],[-74.5233938920414,39.3221930543554]]}},{"type":"Feature","id":281967,"properties":{"OBJECTID":281967,"PRIMENAME":"Winchester Avenue","ELEVTYP_F":0,"ELEVTYP_T":0},"geometry":{"type":"LineString","coordinates":[[-74.5227874560526,39.3191248635685],[-74.5222795555666,39.319417982033]]}},{"type":"Feature","id":282962,"properties":{"OBJECTID":282962,"PRIMENAME":"North Manor Avenue","ELEVTYP_F":0,"ELEVTYP_T":0},"geometry":{"type":"LineString","coordinates":[[-74.5242002552846,39.3164305864916],[-74.5239028433553,39.3161168151876],[-74.5236614444588,39.3158633269899]]}},{"type":"Feature","id":283830,"properties":{"OBJECTID":283830,"PRIMENAME":"Pacific Avenue","ELEVTYP_F":0,"ELEVTYP_T":0},"geometry":{"type":"LineString","coordinates":[[-74.5194513200088,39.3172881884755],[-74.5190863075245,39.3174990083921],[-74.5189723292033,39.3175647316662]]}},{"type":"Feature","id":286617,"properties":{"OBJECTID":286617,"PRIMENAME":"Atlantic Avenue","ELEVTYP_F":0,"ELEVTYP_T":0},"geometry":{"type":"LineString","coordinates":[[-74.5224805037504,39.3146407105492],[-74.5222046086075,39.3148091297564],[-74.5219711536096,39.3149489573882]]}},{"type":"Feature","id":286968,"properties":{"OBJECTID":286968,"PRIMENAME":"Monmouth Avenue","ELEVTYP_F":0,"ELEVTYP_T":0},"geometry":{"type":"LineString","coordinates":[[-74.5221107151614,39.3213926890635],[-74.5224419160671,39.3212015806805]]}},{"type":"Feature","id":287454,"properties":{"OBJECTID":287454,"PRIMENAME":"Monmouth Avenue","ELEVTYP_F":0,"ELEVTYP_T":0},"geometry":{"type":"LineString","coordinates":[[-74.5162001566766,39.3248022447247],[-74.5166456997292,39.3245460638817],[-74.5170701379206,39.3242993844172]]}},{"type":"Feature","id":288606,"properties":{"OBJECTID":288606,"PRIMENAME":"Atlantic Avenue","ELEVTYP_F":0,"ELEVTYP_T":0},"geometry":{"type":"LineString","coordinates":[[-74.5290130268394,39.3106317855313],[-74.5288453947986,39.3107333357938],[-74.5285946187315,39.3108864978763]]}},{"type":"Feature","id":288949,"properties":{"OBJECTID":288949,"PRIMENAME":"North Monroe Avenue","ELEVTYP_F":0,"ELEVTYP_T":0},"geometry":{"type":"LineString","coordinates":[[-74.5184672850909,39.3216153680087],[-74.5192959818724,39.3224865789993],[-74.5196238097326,39.3228291313531]]}},{"type":"Feature","id":293485,"properties":{"OBJECTID":293485,"PRIMENAME":"Atlantic Avenue","ELEVTYP_F":0,"ELEVTYP_T":0},"geometry":{"type":"LineString","coordinates":[[-74.5189568791319,39.3167678513102],[-74.5185699943655,39.3170027799342],[-74.5181552214295,39.317252840827]]}},{"type":"Feature","id":293604,"properties":{"OBJECTID":293604,"PRIMENAME":"Sunset Avenue","ELEVTYP_F":0,"ELEVTYP_T":0},"geometry":{"type":"LineString","coordinates":[[-74.5255408085386,39.3178243989666],[-74.5255847578092,39.3176937673537],[-74.5256524920556,39.3174924470303]]}},{"type":"Feature","id":294508,"properties":{"OBJECTID":294508,"PRIMENAME":"Monmouth Avenue","ELEVTYP_F":0,"ELEVTYP_T":0},"geometry":{"type":"LineString","coordinates":[[-74.5170701379206,39.3242993844172],[-74.5178149817483,39.3238665517566],[-74.5179188281595,39.3238070099387]]}},{"type":"Feature","id":294934,"properties":{"OBJECTID":294934,"PRIMENAME":"South 33rd Avenue","ELEVTYP_F":0,"ELEVTYP_T":0},"geometry":{"type":"LineString","coordinates":[[-74.5189568791319,39.3167678513102],[-74.5194513200088,39.3172881884755]]}},{"type":"Feature","id":295174,"properties":{"OBJECTID":295174,"PRIMENAME":"Sunset Avenue","ELEVTYP_F":0,"ELEVTYP_T":0},"geometry":{"type":"LineString","coordinates":[[-74.5253263670588,39.3184531263512],[-74.5254705064722,39.3180332514999],[-74.5255408085386,39.3178243989666]]}},{"type":"Feature","id":295986,"properties":{"OBJECTID":295986,"PRIMENAME":"Manor Avenue","ELEVTYP_F":0,"ELEVTYP_T":0},"geometry":{"type":"LineString","coordinates":[[-74.5255408085386,39.3178243989666],[-74.5253649576414,39.3176437156593]]}},{"type":"Feature","id":296130,"properties":{"OBJECTID":296130,"PRIMENAME":"Longport Drive","ELEVTYP_F":0,"ELEVTYP_T":0},"geometry":{"type":"LineString","coordinates":[[-74.5236760882866,39.3167321984524],[-74.5242002552846,39.3164305864916]]}},{"type":"Feature","id":297608,"properties":{"OBJECTID":297608,"PRIMENAME":"South Pelham Avenue","ELEVTYP_F":0,"ELEVTYP_T":0},"geometry":{"type":"LineString","coordinates":[[-74.5235382310898,39.3149308040727],[-74.5239165357118,39.3153234713192]]}},{"type":"Feature","id":297988,"properties":{"OBJECTID":297988,"PRIMENAME":"South 11th Avenue","ELEVTYP_F":0,"ELEVTYP_T":0},"geometry":{"type":"LineString","coordinates":[[-74.5363955865812,39.3042832768172],[-74.5358160029135,39.3038149337288],[-74.535499714508,39.3035593477081]]}},{"type":"Feature","id":298580,"properties":{"OBJECTID":298580,"PRIMENAME":"Oberon Avenue","ELEVTYP_F":0,"ELEVTYP_T":0},"geometry":{"type":"LineString","coordinates":[[-74.5257237406424,39.3137913452691],[-74.5260862521606,39.3135183972479],[-74.5263484081796,39.3133207575218]]}},{"type":"Feature","id":299503,"properties":{"OBJECTID":299503,"PRIMENAME":"Unnamed Segment","ELEVTYP_F":0,"ELEVTYP_T":0},"geometry":{"type":"LineString","coordinates":[[-74.5290130268394,39.3106317855313],[-74.5285148288253,39.3102330140784],[-74.528001507155,39.3098274888741]]}},{"type":"Feature","id":300946,"properties":{"OBJECTID":300946,"PRIMENAME":"Monmouth Avenue","ELEVTYP_F":0,"ELEVTYP_T":0},"geometry":{"type":"LineString","coordinates":[[-74.5229230040604,39.3209239798284],[-74.5233694856203,39.3206628850725],[-74.5234322546661,39.32062764515]]}},{"type":"Feature","id":302922,"properties":{"OBJECTID":302922,"PRIMENAME":"South Monroe Avenue","ELEVTYP_F":0,"ELEVTYP_T":0},"geometry":{"type":"LineString","coordinates":[[-74.5157156494582,39.3187256015386],[-74.5158580596656,39.3188753456043],[-74.5161520598781,39.3191844841718]]}},{"type":"Feature","id":303401,"properties":{"OBJECTID":303401,"PRIMENAME":"29th Avenue","ELEVTYP_F":0,"ELEVTYP_T":0},"geometry":{"type":"LineString","coordinates":[[-74.5261536764067,39.3160403032153],[-74.5264045017487,39.3162358489864]]}},{"type":"Feature","id":306406,"properties":{"OBJECTID":306406,"PRIMENAME":"Beach Terrace","ELEVTYP_F":0,"ELEVTYP_T":0},"geometry":{"type":"LineString","coordinates":[[-74.5329201510532,39.3061740118553],[-74.5329580566307,39.3061393502629],[-74.5330639595017,39.306026142352],[-74.5332273647057,39.3058450719287]]}},{"type":"Feature","id":308734,"properties":{"OBJECTID":308734,"PRIMENAME":"Beach Terrace","ELEVTYP_F":0,"ELEVTYP_T":0},"geometry":{"type":"LineString","coordinates":[[-74.5339205815923,39.3052305221369],[-74.5342377936675,39.3049865561673],[-74.5342937186328,39.3049444759989]]}},{"type":"Feature","id":310979,"properties":{"OBJECTID":310979,"PRIMENAME":"North Woodcrest Avenue","ELEVTYP_F":0,"ELEVTYP_T":0},"geometry":{"type":"LineString","coordinates":[[-74.52330086586,39.3188289960835],[-74.5235393034693,39.3190786417152],[-74.5244640028559,39.3200465543783]]}},{"type":"Feature","id":311464,"properties":{"OBJECTID":311464,"PRIMENAME":"South 21st Avenue","ELEVTYP_F":0,"ELEVTYP_T":0},"geometry":{"type":"LineString","coordinates":[[-74.5280852707359,39.3092926893595],[-74.5283878742164,39.3095374770879]]}},{"type":"Feature","id":312800,"properties":{"OBJECTID":312800,"PRIMENAME":"Atlantic Avenue","ELEVTYP_F":0,"ELEVTYP_T":0},"geometry":{"type":"LineString","coordinates":[[-74.5336681555025,39.3068924020598],[-74.5335926270162,39.3068887449385],[-74.5335407146067,39.3068997697038],[-74.5334892993054,39.3069174396367],[-74.5334722325603,39.3069253519249],[-74.5334615283565,39.306933756931],[-74.533418007538,39.3069768222235],[-74.533333083362,39.3070611946567],[-74.5333174368371,39.3070810225347]]}},{"type":"Feature","id":313154,"properties":{"OBJECTID":313154,"PRIMENAME":"North 29th Avenue","ELEVTYP_F":0,"ELEVTYP_T":0},"geometry":{"type":"LineString","coordinates":[[-74.5256107340105,39.3156170924007],[-74.5261536764067,39.3160403032153]]}},{"type":"Feature","id":313872,"properties":{"OBJECTID":313872,"PRIMENAME":"Pacific Avenue","ELEVTYP_F":0,"ELEVTYP_T":0},"geometry":{"type":"LineString","coordinates":[[-74.5225219278249,39.3155200392504],[-74.5216604361728,39.3160201109059],[-74.5214979036557,39.316112644085]]}},{"type":"Feature","id":315638,"properties":{"OBJECTID":315638,"PRIMENAME":"Atlantic Avenue","ELEVTYP_F":0,"ELEVTYP_T":0},"geometry":{"type":"LineString","coordinates":[[-74.5370091213671,39.3047790397123],[-74.536702447485,39.3050174906048],[-74.5366351133318,39.3050684720011]]}},{"type":"Feature","id":316318,"properties":{"OBJECTID":316318,"PRIMENAME":"South 12th Avenue","ELEVTYP_F":0,"ELEVTYP_T":0},"geometry":{"type":"LineString","coordinates":[[-74.5362594751661,39.3053528797193],[-74.5364322257519,39.3054900834481],[-74.5366397670903,39.3056546500339]]}},{"type":"Feature","id":316823,"properties":{"OBJECTID":316823,"PRIMENAME":"Winchester Avenue","ELEVTYP_F":0,"ELEVTYP_T":0},"geometry":{"type":"LineString","coordinates":[[-74.5193160401852,39.3211243829766],[-74.5189521732641,39.3213364650885],[-74.5184672850909,39.3216153680087]]}},{"type":"Feature","id":319113,"properties":{"OBJECTID":319113,"PRIMENAME":"Amherst Avenue","ELEVTYP_F":0,"ELEVTYP_T":0},"geometry":{"type":"LineString","coordinates":[[-74.518880957398,39.3248017857701],[-74.5194742345324,39.3244607006375],[-74.5197284726433,39.3243078606402]]}},{"type":"Feature","id":319744,"properties":{"OBJECTID":319744,"PRIMENAME":"North 30th Avenue","ELEVTYP_F":0,"ELEVTYP_T":0},"geometry":{"type":"LineString","coordinates":[[-74.5234634347603,39.3165078913751],[-74.5236760882866,39.3167321984524]]}},{"type":"Feature","id":320096,"properties":{"OBJECTID":320096,"PRIMENAME":"South 12th Avenue","ELEVTYP_F":0,"ELEVTYP_T":0},"geometry":{"type":"LineString","coordinates":[[-74.5347229982372,39.3041323628458],[-74.5350394953568,39.3043838017194]]}},{"type":"Feature","id":322423,"properties":{"OBJECTID":322423,"PRIMENAME":"South 12th Avenue","ELEVTYP_F":0,"ELEVTYP_T":0},"geometry":{"type":"LineString","coordinates":[[-74.5350394953568,39.3043838017194],[-74.5362594751661,39.3053528797193]]}},{"type":"Feature","id":322898,"properties":{"OBJECTID":322898,"PRIMENAME":"Atlantic Avenue","ELEVTYP_F":0,"ELEVTYP_T":0},"geometry":{"type":"LineString","coordinates":[[-74.5219711536096,39.3149489573882],[-74.5214775259731,39.3152446516075]]}},{"type":"Feature","id":323373,"properties":{"OBJECTID":323373,"PRIMENAME":"Pacific Avenue","ELEVTYP_F":0,"ELEVTYP_T":0},"geometry":{"type":"LineString","coordinates":[[-74.5230453130448,39.3152162354867],[-74.5225219278249,39.3155200392504]]}},{"type":"Feature","id":325360,"properties":{"OBJECTID":325360,"PRIMENAME":"Beach Terrace","ELEVTYP_F":0,"ELEVTYP_T":0},"geometry":{"type":"LineString","coordinates":[[-74.5335404048495,39.3055100075344],[-74.5338273844855,39.3053022120443],[-74.5339205815923,39.3052305221369]]}},{"type":"Feature","id":325874,"properties":{"OBJECTID":325874,"PRIMENAME":"South 29th Avenue","ELEVTYP_F":0,"ELEVTYP_T":0},"geometry":{"type":"LineString","coordinates":[[-74.5227207808029,39.3133092764056],[-74.5235651639408,39.3139797450952]]}},{"type":"Feature","id":327272,"properties":{"OBJECTID":327272,"PRIMENAME":"Unnamed Segment","ELEVTYP_F":0,"ELEVTYP_T":0},"geometry":{"type":"LineString","coordinates":[[-74.531385423767,39.309019665252],[-74.5304954935594,39.308324856095],[-74.5302952391611,39.3081595074365]]}},{"type":"Feature","id":329206,"properties":{"OBJECTID":329206,"PRIMENAME":"South 34th Avenue","ELEVTYP_F":0,"ELEVTYP_T":0},"geometry":{"type":"LineString","coordinates":[[-74.5197987656854,39.3189699492603],[-74.5190707703896,39.3182055598635],[-74.5186394047947,39.3177567088689]]}},{"type":"Feature","id":329421,"properties":{"OBJECTID":329421,"PRIMENAME":"Devon Avenue","ELEVTYP_F":0,"ELEVTYP_T":0},"geometry":{"type":"LineString","coordinates":[[-74.5230793249634,39.3161027313643],[-74.5227974377125,39.3164450377282],[-74.5226178727367,39.3166614056307],[-74.5225550067697,39.31671369581],[-74.5224248124744,39.3167904633175],[-74.5222441483875,39.3168896175143]]}},{"type":"Feature","id":329485,"properties":{"OBJECTID":329485,"PRIMENAME":"Beach Terrace","ELEVTYP_F":0,"ELEVTYP_T":0},"geometry":{"type":"LineString","coordinates":[[-74.5261789104563,39.3112877182109],[-74.5269259435972,39.3107107589947]]}},{"type":"Feature","id":330059,"properties":{"OBJECTID":330059,"PRIMENAME":"Atlantic Avenue","ELEVTYP_F":0,"ELEVTYP_T":0},"geometry":{"type":"LineString","coordinates":[[-74.5355124627347,39.3059175707375],[-74.5351493563254,39.3061918115843]]}},{"type":"Feature","id":330353,"properties":{"OBJECTID":330353,"PRIMENAME":"North Madison Avenue","ELEVTYP_F":0,"ELEVTYP_T":0},"geometry":{"type":"LineString","coordinates":[[-74.5176125453703,39.322106677416],[-74.5168563242205,39.321312872624],[-74.5164855569815,39.320924711974]]}},{"type":"Feature","id":332134,"properties":{"OBJECTID":332134,"PRIMENAME":"Atlantic Avenue","ELEVTYP_F":0,"ELEVTYP_T":0},"geometry":{"type":"LineString","coordinates":[[-74.5277941408213,39.3114247382063],[-74.5275664334661,39.3115624345226],[-74.5270614057185,39.3118706198924],[-74.5269768098545,39.3119211879824]]}},{"type":"Feature","id":332649,"properties":{"OBJECTID":332649,"PRIMENAME":"Colgate Avenue","ELEVTYP_F":0,"ELEVTYP_T":0},"geometry":{"type":"LineString","coordinates":[[-74.5201251878229,39.3187739882991],[-74.5203268411189,39.3189864972132],[-74.5212895414488,39.319988887381]]}},{"type":"Feature","id":332959,"properties":{"OBJECTID":332959,"PRIMENAME":"Monmouth Avenue","ELEVTYP_F":0,"ELEVTYP_T":0},"geometry":{"type":"LineString","coordinates":[[-74.5224419160671,39.3212015806805],[-74.5229230040604,39.3209239798284]]}},{"type":"Feature","id":333277,"properties":{"OBJECTID":333277,"PRIMENAME":"South 14th Avenue","ELEVTYP_F":0,"ELEVTYP_T":0},"geometry":{"type":"LineString","coordinates":[[-74.5332225278641,39.3052578236548],[-74.5335404048495,39.3055100075344]]}},{"type":"Feature","id":333879,"properties":{"OBJECTID":333879,"PRIMENAME":"South 32nd Avenue","ELEVTYP_F":0,"ELEVTYP_T":0},"geometry":{"type":"LineString","coordinates":[[-74.5193976479404,39.3155700791744],[-74.5199592970803,39.3161590732149]]}},{"type":"Feature","id":334233,"properties":{"OBJECTID":334233,"PRIMENAME":"North Madison Avenue","ELEVTYP_F":0,"ELEVTYP_T":0},"geometry":{"type":"LineString","coordinates":[[-74.5197284726433,39.3243078606402],[-74.5188535686472,39.3233864688657],[-74.5187801965304,39.3233129786947]]}},{"type":"Feature","id":335200,"properties":{"OBJECTID":335200,"PRIMENAME":"North Coolidge Avenue","ELEVTYP_F":0,"ELEVTYP_T":0},"geometry":{"type":"LineString","coordinates":[[-74.5204783681053,39.322338576568],[-74.51996917473,39.3218061650139],[-74.5193160401852,39.3211243829766]]}},{"type":"Feature","id":335778,"properties":{"OBJECTID":335778,"PRIMENAME":"Oberon Avenue","ELEVTYP_F":0,"ELEVTYP_T":0},"geometry":{"type":"LineString","coordinates":[[-74.5263484081796,39.3133207575218],[-74.5267976981519,39.3129820558737],[-74.526969568094,39.3128514310445]]}},{"type":"Feature","id":336330,"properties":{"OBJECTID":336330,"PRIMENAME":"South 32nd Avenue","ELEVTYP_F":0,"ELEVTYP_T":0},"geometry":{"type":"LineString","coordinates":[[-74.5199592970803,39.3161590732149],[-74.5204731526692,39.3166979361612]]}},{"type":"Feature","id":337852,"properties":{"OBJECTID":337852,"PRIMENAME":"North 25th Avenue","ELEVTYP_F":0,"ELEVTYP_T":0},"geometry":{"type":"LineString","coordinates":[[-74.526969568094,39.3128514310445],[-74.527151619861,39.3129964076511],[-74.527187857699,39.3130252649729],[-74.5272601974997,39.31308522445],[-74.5274225060412,39.3132197548712],[-74.5275051853723,39.3132882830312]]}},{"type":"Feature","id":338749,"properties":{"OBJECTID":338749,"PRIMENAME":"Pacific Avenue","ELEVTYP_F":0,"ELEVTYP_T":0},"geometry":{"type":"LineString","coordinates":[[-74.5204731526692,39.3166979361612],[-74.5199668150306,39.3169904129101]]}},{"type":"Feature","id":339334,"properties":{"OBJECTID":339334,"PRIMENAME":"Pacific Avenue","ELEVTYP_F":0,"ELEVTYP_T":0},"geometry":{"type":"LineString","coordinates":[[-74.5175396450984,39.3183908607298],[-74.5172937268045,39.3185326571652],[-74.5172518215964,39.3185561242396]]}},{"type":"Feature","id":339798,"properties":{"OBJECTID":339798,"PRIMENAME":"14th Avenue","ELEVTYP_F":0,"ELEVTYP_T":0},"geometry":{"type":"LineString","coordinates":[[-74.5347652618601,39.3064818723166],[-74.5350244572797,39.3066875297398],[-74.5351348805893,39.3067869737924]]}},{"type":"Feature","id":341776,"properties":{"OBJECTID":341776,"PRIMENAME":"North 36th Avenue","ELEVTYP_F":0,"ELEVTYP_T":0},"geometry":{"type":"LineString","coordinates":[[-74.5210085273928,39.3220286853017],[-74.5206911989633,39.321696541157],[-74.5198497306096,39.3208153476082]]}},{"type":"Feature","id":344641,"properties":{"OBJECTID":344641,"PRIMENAME":"Atlantic Avenue","ELEVTYP_F":0,"ELEVTYP_T":0},"geometry":{"type":"LineString","coordinates":[[-74.5263070337536,39.3123237227752],[-74.5256180980618,39.3127399863574]]}},{"type":"Feature","id":345645,"properties":{"OBJECTID":345645,"PRIMENAME":"North Adams Avenue","ELEVTYP_F":0,"ELEVTYP_T":0},"geometry":{"type":"LineString","coordinates":[[-74.5159086135399,39.3230852949184],[-74.5156935263727,39.3228602319533],[-74.514930458759,39.3220556527307],[-74.5147855630693,39.3219046855215]]}},{"type":"Feature","id":345989,"properties":{"OBJECTID":345989,"PRIMENAME":"Sunset Avenue","ELEVTYP_F":0,"ELEVTYP_T":0},"geometry":{"type":"LineString","coordinates":[[-74.5257395659203,39.3172366941617],[-74.5259454232471,39.3166432491753]]}},{"type":"Feature","id":346429,"properties":{"OBJECTID":346429,"PRIMENAME":"Winchester Avenue","ELEVTYP_F":0,"ELEVTYP_T":0},"geometry":{"type":"LineString","coordinates":[[-74.5222795555666,39.319417982033],[-74.5217677977216,39.3197132960788]]}},{"type":"Feature","id":346559,"properties":{"OBJECTID":346559,"PRIMENAME":"South 16th Avenue","ELEVTYP_F":0,"ELEVTYP_T":0},"geometry":{"type":"LineString","coordinates":[[-74.5330240448947,39.3074281354123],[-74.5321626410311,39.306736899753]]}},{"type":"Feature","id":346581,"properties":{"OBJECTID":346581,"PRIMENAME":"South Woodcrest Avenue","ELEVTYP_F":0,"ELEVTYP_T":0},"geometry":{"type":"LineString","coordinates":[[-74.5209881806052,39.316402873889],[-74.5209921050359,39.3164069917142],[-74.522141692401,39.3176149122138]]}},{"type":"Feature","id":346701,"properties":{"OBJECTID":346701,"PRIMENAME":"Atlantic Avenue","ELEVTYP_F":0,"ELEVTYP_T":0},"geometry":{"type":"LineString","coordinates":[[-74.5235651639408,39.3139797450952],[-74.5232383152661,39.3141781598621],[-74.5229505142343,39.3143538311982]]}},{"type":"Feature","id":350158,"properties":{"OBJECTID":350158,"PRIMENAME":"Sunset Avenue","ELEVTYP_F":0,"ELEVTYP_T":0},"geometry":{"type":"LineString","coordinates":[[-74.5259454232471,39.3166432491753],[-74.5260952414032,39.3162115651526],[-74.5261075634684,39.3161754477551],[-74.5261536764067,39.3160403032153]]}},{"type":"Feature","id":351229,"properties":{"OBJECTID":351229,"PRIMENAME":"Ventnor Avenue","ELEVTYP_F":0,"ELEVTYP_T":0},"geometry":{"type":"LineString","coordinates":[[-74.517341634368,39.3204334654924],[-74.5170407836406,39.3206074772847],[-74.5164855569815,39.320924711974]]}},{"type":"Feature","id":351520,"properties":{"OBJECTID":351520,"PRIMENAME":"Sunset Avenue","ELEVTYP_F":0,"ELEVTYP_T":0},"geometry":{"type":"LineString","coordinates":[[-74.5248888652022,39.3196554228122],[-74.5249049052126,39.3196317513426],[-74.52495979518,39.3195135921646],[-74.5249744056113,39.3194715524523],[-74.5250864249061,39.3191492398124],[-74.5251173934891,39.3190596136472]]}},{"type":"Feature","id":351705,"properties":{"OBJECTID":351705,"PRIMENAME":"Ventnor Avenue","ELEVTYP_F":0,"ELEVTYP_T":0},"geometry":{"type":"LineString","coordinates":[[-74.524274415431,39.3148995990253],[-74.5241516266023,39.3150181567301],[-74.524038671931,39.3151555744729],[-74.5239306317386,39.3153005966876],[-74.5239165357118,39.3153234713192]]}},{"type":"Feature","id":351905,"properties":{"OBJECTID":351905,"PRIMENAME":"Ventnor Avenue","ELEVTYP_F":0,"ELEVTYP_T":0},"geometry":{"type":"LineString","coordinates":[[-74.5261172657341,39.3143208748841],[-74.5260034723537,39.3142812247846],[-74.5258659266505,39.3142430905238],[-74.5257283518986,39.3142202213483],[-74.5255662141115,39.3142049909292],[-74.5254090342601,39.3142164756272],[-74.5252076121115,39.3142585010862],[-74.5251424434697,39.3142842695327]]}},{"type":"Feature","id":351982,"properties":{"OBJECTID":351982,"PRIMENAME":"Ventnor Avenue","ELEVTYP_F":0,"ELEVTYP_T":0},"geometry":{"type":"LineString","coordinates":[[-74.5201251878229,39.3187739882991],[-74.5200755668649,39.3188023050142],[-74.5197987656854,39.3189699492603]]}},{"type":"Feature","id":354254,"properties":{"OBJECTID":354254,"PRIMENAME":"Ventnor Avenue","ELEVTYP_F":0,"ELEVTYP_T":0},"geometry":{"type":"LineString","coordinates":[[-74.5251424434697,39.3142842695327],[-74.5250731041115,39.3143116594105],[-74.5249502640843,39.3143773346303],[-74.5248325206534,39.314459895344],[-74.5247508234201,39.3145257552432],[-74.5245343116732,39.3146836782225],[-74.5244908833155,39.3147187228331]]}},{"type":"Feature","id":365065,"properties":{"OBJECTID":365065,"PRIMENAME":"Ventnor Avenue","ELEVTYP_F":0,"ELEVTYP_T":0},"geometry":{"type":"LineString","coordinates":[[-74.5164855569815,39.320924711974],[-74.5162306508927,39.3210703520568],[-74.515720766734,39.3213702792785],[-74.5156408159037,39.3214159505965]]}},{"type":"Feature","id":366526,"properties":{"OBJECTID":366526,"PRIMENAME":"Ventnor Avenue","ELEVTYP_F":0,"ELEVTYP_T":0},"geometry":{"type":"LineString","coordinates":[[-74.5244908833155,39.3147187228331],[-74.5243137065205,39.3148616727472],[-74.524274415431,39.3148995990253]]}},{"type":"Feature","id":371555,"properties":{"OBJECTID":371555,"PRIMENAME":"Ventnor Avenue","ELEVTYP_F":0,"ELEVTYP_T":0},"geometry":{"type":"LineString","coordinates":[[-74.5231192711244,39.3169728337622],[-74.5230143220051,39.3170735117818],[-74.5228887571692,39.3171720272974],[-74.5228773858026,39.3171809503172],[-74.5227814023799,39.317244613619],[-74.5226545985642,39.3173186080002]]}},{"type":"Feature","id":371630,"properties":{"OBJECTID":371630,"PRIMENAME":"Ventnor Avenue","ELEVTYP_F":0,"ELEVTYP_T":0},"geometry":{"type":"LineString","coordinates":[[-74.5181890027092,39.3199415005896],[-74.5179660555729,39.3200728066161],[-74.5175391015313,39.3203192701047],[-74.517341634368,39.3204334654924]]}},{"type":"Feature","id":377896,"properties":{"OBJECTID":377896,"PRIMENAME":"Ventnor Avenue","ELEVTYP_F":0,"ELEVTYP_T":0},"geometry":{"type":"LineString","coordinates":[[-74.519258661367,39.3192983972384],[-74.5188800700556,39.3195304157833],[-74.5187177392427,39.3196276661697]]}},{"type":"Feature","id":378145,"properties":{"OBJECTID":378145,"PRIMENAME":"Absequam Avenue","ELEVTYP_F":0,"ELEVTYP_T":0},"geometry":{"type":"LineString","coordinates":[[-74.5261172657341,39.3143208748841],[-74.526257690464,39.3142114273816]]}},{"type":"Feature","id":378926,"properties":{"OBJECTID":378926,"PRIMENAME":"Absequam Avenue","ELEVTYP_F":0,"ELEVTYP_T":0},"geometry":{"type":"LineString","coordinates":[[-74.526257690464,39.3142114273816],[-74.5263179732035,39.3141644073449],[-74.5268869209378,39.3137489079696]]}},{"type":"Feature","id":379222,"properties":{"OBJECTID":379222,"PRIMENAME":"Sunset Boulevard","ELEVTYP_F":0,"ELEVTYP_T":0},"geometry":{"type":"LineString","coordinates":[[-74.5361664350631,39.3148546399597],[-74.5361899003728,39.3147775065426],[-74.5356838537056,39.3136764466656],[-74.5355911147341,39.3136249384221]]}},{"type":"Feature","id":379572,"properties":{"OBJECTID":379572,"PRIMENAME":"Ventnor Avenue","ELEVTYP_F":0,"ELEVTYP_T":0},"geometry":{"type":"LineString","coordinates":[[-74.5206075064061,39.3184985658533],[-74.5201251878229,39.3187739882991]]}},{"type":"Feature","id":383941,"properties":{"OBJECTID":383941,"PRIMENAME":"Ventnor Avenue","ELEVTYP_F":0,"ELEVTYP_T":0},"geometry":{"type":"LineString","coordinates":[[-74.5184368818209,39.3197955077876],[-74.5181890027092,39.3199415005896]]}},{"type":"Feature","id":384656,"properties":{"OBJECTID":384656,"PRIMENAME":"Ventnor Avenue","ELEVTYP_F":0,"ELEVTYP_T":0},"geometry":{"type":"LineString","coordinates":[[-74.5187177392427,39.3196276661697],[-74.5184808684572,39.3197696014523],[-74.5184368818209,39.3197955077876]]}},{"type":"Feature","id":387211,"properties":{"OBJECTID":387211,"PRIMENAME":"Ventnor Avenue","ELEVTYP_F":0,"ELEVTYP_T":0},"geometry":{"type":"LineString","coordinates":[[-74.5239165357118,39.3153234713192],[-74.5238177253414,39.3154838126173],[-74.5237342609192,39.3156593898134],[-74.5236704440105,39.3158235126714],[-74.5236614444588,39.3158633269899]]}},{"type":"Feature","id":389904,"properties":{"OBJECTID":389904,"PRIMENAME":"Ventnor Avenue","ELEVTYP_F":0,"ELEVTYP_T":0},"geometry":{"type":"LineString","coordinates":[[-74.5236614444588,39.3158633269899],[-74.5236213853777,39.3160410365035],[-74.5235625044491,39.3162738284326],[-74.5234937792784,39.3164532183066],[-74.5234634347603,39.3165078913751]]}},{"type":"Feature","id":397362,"properties":{"OBJECTID":397362,"PRIMENAME":"Ventnor Avenue","ELEVTYP_F":0,"ELEVTYP_T":0},"geometry":{"type":"LineString","coordinates":[[-74.5216302308991,39.3179091266931],[-74.52129667543,39.3181010575516],[-74.5211221220606,39.3182019654587]]}},{"type":"Feature","id":399012,"properties":{"OBJECTID":399012,"PRIMENAME":"Ventnor Avenue","ELEVTYP_F":0,"ELEVTYP_T":0},"geometry":{"type":"LineString","coordinates":[[-74.5234634347603,39.3165078913751],[-74.5233857524953,39.3166478821733],[-74.523289475907,39.316782111413],[-74.5232506210291,39.3168289652373],[-74.5231781403964,39.3169163705941],[-74.5231192711244,39.3169728337622]]}},{"type":"Feature","id":399997,"properties":{"OBJECTID":399997,"PRIMENAME":"Ventnor Avenue","ELEVTYP_F":0,"ELEVTYP_T":0},"geometry":{"type":"LineString","coordinates":[[-74.522141692401,39.3176149122138],[-74.5220902353459,39.3176444930868],[-74.5216302308991,39.3179091266931]]}},{"type":"Feature","id":400625,"properties":{"OBJECTID":400625,"PRIMENAME":"Ventnor Avenue","ELEVTYP_F":0,"ELEVTYP_T":0},"geometry":{"type":"LineString","coordinates":[[-74.5226545985642,39.3173186080002],[-74.5224780353817,39.3174216604859],[-74.522141692401,39.3176149122138]]}},{"type":"Feature","id":400692,"properties":{"OBJECTID":400692,"PRIMENAME":"Ventnor Avenue","ELEVTYP_F":0,"ELEVTYP_T":0},"geometry":{"type":"LineString","coordinates":[[-74.5211221220606,39.3182019654587],[-74.5207332888024,39.3184267430637],[-74.5206075064061,39.3184985658533]]}},{"type":"Feature","id":401741,"properties":{"OBJECTID":401741,"PRIMENAME":"Ventnor Avenue","ELEVTYP_F":0,"ELEVTYP_T":0},"geometry":{"type":"LineString","coordinates":[[-74.5197987656854,39.3189699492603],[-74.5194413827121,39.3191864251557],[-74.519258661367,39.3192983972384]]}},{"type":"Feature","id":434548,"properties":{"OBJECTID":434548,"PRIMENAME":"Beach Terrace","ELEVTYP_F":0,"ELEVTYP_T":0},"geometry":{"type":"LineString","coordinates":[[-74.5329201510532,39.3061740118553],[-74.5328830231498,39.3062079867922],[-74.532540639308,39.306459368891]]}},{"type":"Feature","id":434551,"properties":{"OBJECTID":434551,"PRIMENAME":"Beach Terrace","ELEVTYP_F":0,"ELEVTYP_T":0},"geometry":{"type":"LineString","coordinates":[[-74.532540639308,39.306459368891],[-74.5321626410311,39.306736899753]]}}]}
